Post Index,followers,upload time,Like Count,Comment Count,is Photo,is Video,hashtag,Pic Description
0,1057000,2024-10-06T16:18:05.000Z,1538000,226,0,1,"['#mechanical', '#civilengineering', '#machinery', '#heavyequipment', '#mechanic', '#engineering', '#jcb', '#automation', '#innovation', '#technology', '#science', '#skill', '#tech', '#machines', '#electronics', '#machine', '#technews', '#instatech', '#tools', '#ideas', '#ilovemyjob', '#manufacturing', '#gadgets', '#future', '#awesome', '#worldofengineering', '#satisfying', '#thebest', '#satisfyingvideo', '#futuretech']",
1,20000,2024-11-10T09:09:25.000Z,386,2,1,0,[],7 個人、瀏海、上衣、音樂會和文字的圖像.
2,157000,2024-11-15T10:01:42.000Z,926,2,0,1,[],
3,820,2024-11-11T14:32:21.000Z,121,42,0,1,"['#ugc', '#ugccreator', '#ugccontentcreator', '#ugccommunity', '#ugcexample', '#ugccreators', '#ugccontent', '#makeuptutorial', '#tartecosmetics', '#tarteamazonianclay', '#blush', '#makeup', '#explore', '#explorepage', '#trend']",
4,175000,2024-10-26T17:03:04.000Z,32000,101,0,1,"['#trending', '#viralreels', '#reelsinstagram', '#happiness', '#instagood', '#instadaily', '#instalike', '#diwalistatus', '#diwalivibes', '#diwali', '#bhaidhooj', '#happybhaidooj', '#dhateras', '#happydhanteras', '#happydiwali', '#gowardhanpuja', '#happygowardhanpuja', '#diwalistyle', '#diwaliliteoffestivels', '#happy', '#festival', '#trending', '#reels']",
5,1381000,2024-10-12T20:02:29.000Z,369000,926,0,1,"['#Mermaid', '#OceanVibes', '#SeaMystery', '#Fantasy', '#MythicalCreatures', '#UnderwaterWorld', '#Legendary', '#EpicCatch', '#InstaReel', '#Viral']",
6,198000,2024-10-23T17:14:14.000Z,457,25,1,0,"['#بوست_اضافات', '#اكسبلور_2020', '#دعم', '#تفاعل', '#تفاعلو', '#ضيف_التاقات_اللي_على_الصوره', '#ضيفوا_بعض', '#اكسبلور', '#ضيفوا_حسابي_الشخصي', '#نشر_حسابات', '#اضافات_الكويت_الخليج_السعوديه_الامارات_قطر_البحرين_عمان_الالتزام_بالفلو_باك', '#دعم_مصممين', '#تبادل_نشر', '#تبادل', '#اضافات', '#اكسبلور_فولو', '#فولو', '#كومنتات', '#لايكات', '#ضيفوني', '#ضيفو', '#دعم_فولو', '#فولومي', '#اكسبلور_explor', '#ضيفوالي_بتاق_حسابات_متفاعله', '#ضيفو_بعض_من_التعليقات_والايكات', '#ضيفوا_بعض_من_الايكات_والتعليقات', '#explorepageready', '#explorers', '#explore']",文字的圖像.
7,53000,2024-10-12T00:36:32.000Z,5663,56,0,1,"['#birthdayspecial', '#btsjimin', '#happylbirthday', '#jimin', '#trendingreels']",
8,530000,2024-10-22T16:25:00.000Z,344,8,1,0,"['#onemansjourney', '#mercurymovement', '#terryleenelson', '#picoftheday', '#photo', '#photography', '#beautiful', '#somethingnew', '#artcollector', '#contemporaryart', '#contemporary', '#abstractart', '#abstractpainting', '#abstractart', '#abstractartist', '#abstract', '#abstraction']",樹的圖像.
9,49000,2024-11-13T14:04:10.000Z,2672,6,0,1,"['#alwaysgood', '#alwaysootd', '#歐威士古德', '#歐威士選貨', '#歐威士穿搭提案', '#西門服飾店', '#迷因服飾店', '#搞笑服飾店', '#穿搭', '#穿搭日常', '#穿搭分享', '#穿搭日記', '#每日穿搭', '#搞笑', '#reels', '#reelsinstagram', '#短影片']",
10,339000,2024-10-24T15:50:18.000Z,70000,213,0,1,"['#husnhaisuhana', '#coolieno1', '#varundhawan', '#saraalikhan', '#bollywood']",
11,776000,2024-10-12T05:27:13.000Z,3240,88,0,1,[],
12,214000,2024-10-19T13:18:22.000Z,393,16,1,0,[],咖啡杯和文字的圖像.
13,434000,2024-10-22T08:36:56.000Z,265,5,1,0,[],海洋的圖像.
14,301000,2024-11-11T12:17:55.000Z,,38,1,0,"['#餐廳順眼就走進去', '#想逛哪就逛', '#korea']",4 個人的圖像.
15,390000,2024-10-30T12:56:02.000Z,54000,83,0,1,"['#devara', '#NTR', '#janvikapoor', '#Prabhash', '#anirudhravichander', '#anirudh', '#telugustatus', '#telugureels', '#teluguvideosongs', '#telugusong', '#telugumusic', '#telugulovesongs', '#telugucinema', '#telugusongs', '#telugubgm', '#telugutrending', '#insta', '#instagood', '#instareels', '#instadaily', '#instareel', '#instatrending', '#instagram', '#instatrend', '#trending', '#trendingreelsvideohow']",
16,163000,2024-10-26T18:24:07.000Z,281000,220,0,1,"['#saipallavi', '#trending', '#viral', '#hicelebrity', '#instagram', '#viralreels', '#praveenmandala', '#trendingreels', '#viralvideos', '#tredingvideo']",
17,63000,2024-09-25T02:02:44.000Z,,115,0,1,"['#explorepage', '#foryou', '#reels', '#instareels', '#viralreels', '#comedyreels', '#funnyreels', '#friendship', '#jigriyaar', '#bff', '#instagram', '#trending', '#explorepage', '#instagood', '#reelsvideo', '#fypyes', '#quoteftheday', '#beautiful', '#new', '#trending', '#vairalvideo']",
18,121000,2024-11-10T09:14:32.000Z,3699,36,0,1,"['#慢慢喜歡你', '#莫文蔚', '#翻唱', '#翻唱cover', '#吉他彈唱', '#吉他菜鳥橘', '#cover']",
19,664000,2024-11-15T04:20:06.000Z,7240,28,0,1,"['#聖誕', '#聖誕節', '#節日', '#節慶', '#放假', '#有趣', '#冷知識', '#瑪麗亞凱莉', '#MariahCarey', '#christmas', '#xmas', '#qi', '#alliwantforchristmasisyou']",
20,6635000,2024-11-14T03:22:14.000Z,24000,156,1,0,[],票根和文字的圖像.
21,327000,2024-11-04T03:31:40.000Z,521000,165,0,1,"['#foryou', '#emotional', '#trendingreels', '#trending', '#telugureels']",
22,49000,2024-11-14T11:30:00.000Z,29,0,1,0,"['#alwaysgood', '#歐威士古德', '#總是最好的']",運動衫、刷毛外套、運動衫、連帽風衣和文字的圖像.
23,3517000,2024-11-15T07:51:01.000Z,38000,117,0,1,[],
24,530000,2024-10-22T13:22:36.000Z,1155,50,1,0,"['#onemansjourney', '#mercurymovement', '#terryleenelson', '#picoftheday', '#photo', '#photography', '#beautiful', '#somethingnew', '#artcollector', '#contemporaryart', '#contemporary', '#abstractart', '#abstractpainting', '#abstractart', '#abstractartist', '#abstract', '#abstraction']",1 人和鬍鬚的自拍照.
25,10000,2024-11-09T11:24:29.000Z,351,15,1,0,"['#香港', '#堅尼地城']",8 個人和文字的圖像.
26,96000,2024-11-13T22:59:53.000Z,624000,317,0,1,"['#pushkarfair2024', '#viralvideo', '#pushkarmela2024', '#bhainsa', '#bulls', '#viral']",
27,397000,2024-11-15T05:39:03.000Z,10000,22,1,0,"['#locofrank', '#manwithamission', '#oosaka', '#gorillahall', '#backtoring']",2 個人、人群和音樂會的圖像.
28,54000,2024-11-10T11:03:33.000Z,5063,73,1,0,"['#versaceeyewear', '#玖壹壹南北貳路音樂節']",1 人、眼鏡、速克達和高領上衣的圖像.
29,56000,2024-10-23T01:54:08.000Z,3539,22,1,0,"['#Sydney', '#Australia']",4 個人、雪梨港灣大橋和公園的圖像.
30,53000,2024-09-26T01:20:16.000Z,92000,128,0,1,"['#bestfriends', '#girlfriendshipforever', '#bff', '#trendingreels']",
31,273000,2024-11-14T05:12:14.000Z,515000,202,0,1,"['#shrutimarathe', '#aaryakpathak', '#marathimovie', '#pune', '#gulaabi', '#voiletflamemotionpictures']",
32,72000,2024-11-13T12:00:39.000Z,1318,6,1,0,"['#迷因', '#梗圖', '#迷因梗', '#迷因梗圖', '#memes']",文字的圖像.
33,135000,2024-11-13T08:16:57.000Z,2541,8,1,0,"['#迪士尼', '#迷因', '#幹話語錄', '#笑話', '#惡搞語錄', '#搞笑語錄', '#memes', '#disneymemes', '#迪士尼梗圖']",懶猴和文字的圖像.
34,63000,2024-10-29T13:28:11.000Z,,91,0,1,"['#explorepage', '#foryou', '#reels', '#instareels', '#viralreels', '#comedyreels', '#funnyreels', '#friendship', '#jigriyaar', '#bff', '#instagram', '#trending', '#explorepage', '#instagood', '#reelsvideo', '#fypyes', '#quoteftheday', '#beautiful', '#new', '#trending', '#vairalvideo']",
35,25000,2024-11-11T10:59:01.000Z,2,27,0,1,"['#oodbycheckin', '#Taipei', '#FirstNoteOfLove1stFMinTPE', '#FNOLPerfectFinale', '#彈一場完美戀愛', '#FirstNoteofLove', '#โน', '#你的情歌由我來唱', '#涂善存', '#張豐豪', '#劉泯廷', '#JAMEKASAMA', '#金泰佑', '#李佳歡', '#李英宏', '#Amanda', '#劉紀範', '#練建宏', '#華納音樂', '#BL', '#boyslove', '#GagaOOLala', '#GagaOOLalaOriginal', '#PorticoMedia', '#杰德影音']",
36,12180000,2024-10-28T14:23:45.000Z,136000,215,0,1,[],
37,74000,2024-11-11T07:01:07.000Z,1109,0,0,1,[],
38,53000,2024-11-13T09:34:54.000Z,1215,0,1,0,[],海報和文字的圖像.
39,7333000,2024-11-11T09:51:04.000Z,,166,1,0,[],紅心、海報、雜誌和文字的圖像.
40,18000,2024-11-12T12:02:13.000Z,412,1,1,0,"['#理想混蛋', '#換日線BESTART']",3 個人、瀏海和文字的圖像.
41,126000,2024-10-22T13:04:35.000Z,151000,168,0,1,[],
42,701000,2024-11-13T12:06:04.000Z,10000,110,0,1,"['#makeup', '#彩妝', '#秋冬妝容', '#秘月期popoo']",
43,4595000,2024-11-14T10:39:59.000Z,16000,25,1,0,[],1 人和文字的圖像.
44,530000,2024-10-22T13:22:36.000Z,1155,50,1,0,"['#onemansjourney', '#mercurymovement', '#terryleenelson', '#picoftheday', '#photo', '#photography', '#beautiful', '#somethingnew', '#artcollector', '#contemporaryart', '#contemporary', '#abstractart', '#abstractpainting', '#abstractart', '#abstractartist', '#abstract', '#abstraction']",1 人和鬍鬚的自拍照.
45,10000,2024-11-09T11:24:29.000Z,351,15,1,0,"['#香港', '#堅尼地城']",8 個人和文字的圖像.
46,96000,2024-11-13T22:59:53.000Z,624000,429,0,1,"['#pushkarfair2024', '#viralvideo', '#pushkarmela2024', '#bhainsa', '#bulls', '#viral']",
47,397000,2024-11-15T05:39:03.000Z,10000,22,1,0,"['#locofrank', '#manwithamission', '#oosaka', '#gorillahall', '#backtoring']",2 個人、人群和音樂會的圖像.
48,54000,2024-11-10T11:03:33.000Z,5063,73,1,0,"['#versaceeyewear', '#玖壹壹南北貳路音樂節']",1 人、眼鏡、速克達和高領上衣的圖像.
49,56000,2024-10-23T01:54:08.000Z,3539,22,1,0,"['#Sydney', '#Australia']",4 個人、雪梨港灣大橋和公園的圖像.
50,53000,2024-09-26T01:20:16.000Z,92000,128,0,1,"['#bestfriends', '#girlfriendshipforever', '#bff', '#trendingreels']",
51,273000,2024-11-14T05:12:14.000Z,515000,408,0,1,"['#shrutimarathe', '#aaryakpathak', '#marathimovie', '#pune', '#gulaabi', '#voiletflamemotionpictures']",
52,72000,2024-11-13T12:00:39.000Z,1318,6,1,0,"['#迷因', '#梗圖', '#迷因梗', '#迷因梗圖', '#memes']",文字的圖像.
53,135000,2024-11-13T08:16:57.000Z,2541,8,1,0,"['#迪士尼', '#迷因', '#幹話語錄', '#笑話', '#惡搞語錄', '#搞笑語錄', '#memes', '#disneymemes', '#迪士尼梗圖']",懶猴和文字的圖像.
54,63000,2024-10-29T13:28:11.000Z,,91,0,1,"['#explorepage', '#foryou', '#reels', '#instareels', '#viralreels', '#comedyreels', '#funnyreels', '#friendship', '#jigriyaar', '#bff', '#instagram', '#trending', '#explorepage', '#instagood', '#reelsvideo', '#fypyes', '#quoteftheday', '#beautiful', '#new', '#trending', '#vairalvideo']",
55,25000,2024-11-11T10:59:01.000Z,2,27,0,1,"['#oodbycheckin', '#Taipei', '#FirstNoteOfLove1stFMinTPE', '#FNOLPerfectFinale', '#彈一場完美戀愛', '#FirstNoteofLove', '#โน', '#你的情歌由我來唱', '#涂善存', '#張豐豪', '#劉泯廷', '#JAMEKASAMA', '#金泰佑', '#李佳歡', '#李英宏', '#Amanda', '#劉紀範', '#練建宏', '#華納音樂', '#BL', '#boyslove', '#GagaOOLala', '#GagaOOLalaOriginal', '#PorticoMedia', '#杰德影音']",
56,12180000,2024-10-28T14:23:45.000Z,136000,229,0,1,[],
57,74000,2024-11-11T07:01:07.000Z,1109,0,0,1,[],
58,53000,2024-11-13T09:34:54.000Z,1215,0,1,0,[],海報和文字的圖像.
59,7333000,2024-11-11T09:51:04.000Z,560000,253,1,0,[],紅心、海報、雜誌和文字的圖像.
60,18000,2024-11-12T12:02:13.000Z,412,1,1,0,"['#理想混蛋', '#換日線BESTART']",3 個人、瀏海和文字的圖像.
61,126000,2024-10-22T13:04:35.000Z,151000,273,0,1,[],
62,701000,2024-11-13T12:06:04.000Z,10000,110,0,1,"['#makeup', '#彩妝', '#秋冬妝容', '#秘月期popoo']",
63,4595000,2024-11-14T10:39:59.000Z,16000,25,1,0,[],1 人和文字的圖像.
64,530000,2024-10-22T13:22:36.000Z,1155,50,1,0,"['#onemansjourney', '#mercurymovement', '#terryleenelson', '#picoftheday', '#photo', '#photography', '#beautiful', '#somethingnew', '#artcollector', '#contemporaryart', '#contemporary', '#abstractart', '#abstractpainting', '#abstractart', '#abstractartist', '#abstract', '#abstraction']",1 人和鬍鬚的自拍照.
65,10000,2024-11-09T11:24:29.000Z,351,15,1,0,"['#香港', '#堅尼地城']",8 個人和文字的圖像.
66,96000,2024-11-13T22:59:53.000Z,624000,791,0,1,"['#pushkarfair2024', '#viralvideo', '#pushkarmela2024', '#bhainsa', '#bulls', '#viral']",
67,397000,2024-11-15T05:39:03.000Z,10000,22,1,0,"['#locofrank', '#manwithamission', '#oosaka', '#gorillahall', '#backtoring']",2 個人、人群和音樂會的圖像.
68,54000,2024-11-10T11:03:33.000Z,5063,73,1,0,"['#versaceeyewear', '#玖壹壹南北貳路音樂節']",1 人、眼鏡、速克達和高領上衣的圖像.
69,56000,2024-10-23T01:54:08.000Z,3539,22,1,0,"['#Sydney', '#Australia']",4 個人、雪梨港灣大橋和公園的圖像.
70,53000,2024-09-26T01:20:16.000Z,92000,128,0,1,"['#bestfriends', '#girlfriendshipforever', '#bff', '#trendingreels']",
71,273000,2024-11-14T05:12:14.000Z,515000,553,0,1,"['#shrutimarathe', '#aaryakpathak', '#marathimovie', '#pune', '#gulaabi', '#voiletflamemotionpictures']",
72,72000,2024-11-13T12:00:39.000Z,1318,6,1,0,"['#迷因', '#梗圖', '#迷因梗', '#迷因梗圖', '#memes']",文字的圖像.
73,135000,2024-11-13T08:16:57.000Z,2541,8,1,0,"['#迪士尼', '#迷因', '#幹話語錄', '#笑話', '#惡搞語錄', '#搞笑語錄', '#memes', '#disneymemes', '#迪士尼梗圖']",懶猴和文字的圖像.
74,63000,2024-10-29T13:28:11.000Z,,91,0,1,"['#explorepage', '#foryou', '#reels', '#instareels', '#viralreels', '#comedyreels', '#funnyreels', '#friendship', '#jigriyaar', '#bff', '#instagram', '#trending', '#explorepage', '#instagood', '#reelsvideo', '#fypyes', '#quoteftheday', '#beautiful', '#new', '#trending', '#vairalvideo']",
75,25000,2024-11-11T10:59:01.000Z,2,27,0,1,"['#oodbycheckin', '#Taipei', '#FirstNoteOfLove1stFMinTPE', '#FNOLPerfectFinale', '#彈一場完美戀愛', '#FirstNoteofLove', '#โน', '#你的情歌由我來唱', '#涂善存', '#張豐豪', '#劉泯廷', '#JAMEKASAMA', '#金泰佑', '#李佳歡', '#李英宏', '#Amanda', '#劉紀範', '#練建宏', '#華納音樂', '#BL', '#boyslove', '#GagaOOLala', '#GagaOOLalaOriginal', '#PorticoMedia', '#杰德影音']",
76,12180000,2024-10-28T14:23:45.000Z,136000,229,0,1,[],
77,74000,2024-11-11T07:01:07.000Z,1109,0,0,1,[],
78,53000,2024-11-13T09:34:54.000Z,1215,0,1,0,[],海報和文字的圖像.
79,7333000,2024-11-11T09:51:04.000Z,560000,359,1,0,[],紅心、海報、雜誌和文字的圖像.
80,18000,2024-11-12T12:02:13.000Z,412,1,1,0,"['#理想混蛋', '#換日線BESTART']",3 個人、瀏海和文字的圖像.
81,126000,2024-10-22T13:04:35.000Z,151000,502,0,1,[],
82,701000,2024-11-13T12:06:04.000Z,10000,110,0,1,"['#makeup', '#彩妝', '#秋冬妝容', '#秘月期popoo']",
83,4595000,2024-11-14T10:39:59.000Z,16000,25,1,0,[],1 人和文字的圖像.
84,530000,2024-10-22T13:22:36.000Z,1155,50,1,0,"['#onemansjourney', '#mercurymovement', '#terryleenelson', '#picoftheday', '#photo', '#photography', '#beautiful', '#somethingnew', '#artcollector', '#contemporaryart', '#contemporary', '#abstractart', '#abstractpainting', '#abstractart', '#abstractartist', '#abstract', '#abstraction']",1 人和鬍鬚的自拍照.
85,10000,2024-11-09T11:24:29.000Z,351,15,1,0,"['#香港', '#堅尼地城']",8 個人和文字的圖像.
86,97000,2024-11-13T22:59:53.000Z,624000,796,0,1,"['#pushkarfair2024', '#viralvideo', '#pushkarmela2024', '#bhainsa', '#bulls', '#viral']",
87,397000,2024-11-15T05:39:03.000Z,10000,22,1,0,"['#locofrank', '#manwithamission', '#oosaka', '#gorillahall', '#backtoring']",2 個人、人群和音樂會的圖像.
88,54000,2024-11-10T11:03:33.000Z,5063,73,1,0,"['#versaceeyewear', '#玖壹壹南北貳路音樂節']",1 人、眼鏡、速克達和高領上衣的圖像.
89,56000,2024-10-23T01:54:08.000Z,3539,22,1,0,"['#Sydney', '#Australia']",4 個人、雪梨港灣大橋和公園的圖像.
90,53000,2024-09-26T01:20:16.000Z,92000,128,0,1,"['#bestfriends', '#girlfriendshipforever', '#bff', '#trendingreels']",
91,273000,2024-11-14T05:12:14.000Z,515000,553,0,1,"['#shrutimarathe', '#aaryakpathak', '#marathimovie', '#pune', '#gulaabi', '#voiletflamemotionpictures']",
92,72000,2024-11-13T12:00:39.000Z,1318,6,1,0,"['#迷因', '#梗圖', '#迷因梗', '#迷因梗圖', '#memes']",文字的圖像.
93,135000,2024-11-13T08:16:57.000Z,2541,8,1,0,"['#迪士尼', '#迷因', '#幹話語錄', '#笑話', '#惡搞語錄', '#搞笑語錄', '#memes', '#disneymemes', '#迪士尼梗圖']",懶猴和文字的圖像.
94,63000,2024-10-29T13:28:11.000Z,,91,0,1,"['#explorepage', '#foryou', '#reels', '#instareels', '#viralreels', '#comedyreels', '#funnyreels', '#friendship', '#jigriyaar', '#bff', '#instagram', '#trending', '#explorepage', '#instagood', '#reelsvideo', '#fypyes', '#quoteftheday', '#beautiful', '#new', '#trending', '#vairalvideo']",
95,25000,2024-11-11T10:59:01.000Z,2,27,0,1,"['#oodbycheckin', '#Taipei', '#FirstNoteOfLove1stFMinTPE', '#FNOLPerfectFinale', '#彈一場完美戀愛', '#FirstNoteofLove', '#โน', '#你的情歌由我來唱', '#涂善存', '#張豐豪', '#劉泯廷', '#JAMEKASAMA', '#金泰佑', '#李佳歡', '#李英宏', '#Amanda', '#劉紀範', '#練建宏', '#華納音樂', '#BL', '#boyslove', '#GagaOOLala', '#GagaOOLalaOriginal', '#PorticoMedia', '#杰德影音']",
96,12180000,2024-10-28T14:23:45.000Z,136000,229,0,1,[],
97,74000,2024-11-11T07:01:07.000Z,1109,0,0,1,[],
98,53000,2024-11-13T09:34:54.000Z,1215,0,1,0,[],海報和文字的圖像.
99,7333000,2024-11-11T09:51:04.000Z,560000,554,1,0,[],紅心、海報、雜誌和文字的圖像.
100,18000,2024-11-12T12:02:13.000Z,412,1,1,0,"['#理想混蛋', '#換日線BESTART']",3 個人、瀏海和文字的圖像.
101,126000,2024-10-22T13:04:35.000Z,151000,689,0,1,[],
102,701000,2024-11-13T12:06:04.000Z,10000,110,0,1,"['#makeup', '#彩妝', '#秋冬妝容', '#秘月期popoo']",
103,701000,2024-11-13T12:06:04.000Z,10000,110,0,1,"['#makeup', '#彩妝', '#秋冬妝容', '#秘月期popoo']",
104,4595000,2024-11-14T10:39:59.000Z,16000,25,1,0,[],1 人和文字的圖像.
105,530000,2024-10-22T13:22:36.000Z,1155,50,1,0,"['#onemansjourney', '#mercurymovement', '#terryleenelson', '#picoftheday', '#photo', '#photography', '#beautiful', '#somethingnew', '#artcollector', '#contemporaryart', '#contemporary', '#abstractart', '#abstractpainting', '#abstractart', '#abstractartist', '#abstract', '#abstraction']",1 人和鬍鬚的自拍照.
106,10000,2024-11-09T11:24:29.000Z,351,15,1,0,"['#香港', '#堅尼地城']",8 個人和文字的圖像.
107,97000,2024-11-13T22:59:53.000Z,624000,796,0,1,"['#pushkarfair2024', '#viralvideo', '#pushkarmela2024', '#bhainsa', '#bulls', '#viral']",
108,397000,2024-11-15T05:39:03.000Z,10000,22,1,0,"['#locofrank', '#manwithamission', '#oosaka', '#gorillahall', '#backtoring']",2 個人、人群和音樂會的圖像.
109,54000,2024-11-10T11:03:33.000Z,5063,73,1,0,"['#versaceeyewear', '#玖壹壹南北貳路音樂節']",1 人、眼鏡、速克達和高領上衣的圖像.
110,56000,2024-10-23T01:54:08.000Z,3539,22,1,0,"['#Sydney', '#Australia']",4 個人、雪梨港灣大橋和公園的圖像.
111,53000,2024-09-26T01:20:16.000Z,92000,128,0,1,"['#bestfriends', '#girlfriendshipforever', '#bff', '#trendingreels']",
112,273000,2024-11-14T05:12:14.000Z,515000,553,0,1,"['#shrutimarathe', '#aaryakpathak', '#marathimovie', '#pune', '#gulaabi', '#voiletflamemotionpictures']",
113,72000,2024-11-13T12:00:39.000Z,1318,6,1,0,"['#迷因', '#梗圖', '#迷因梗', '#迷因梗圖', '#memes']",文字的圖像.
114,135000,2024-11-13T08:16:57.000Z,2541,8,1,0,"['#迪士尼', '#迷因', '#幹話語錄', '#笑話', '#惡搞語錄', '#搞笑語錄', '#memes', '#disneymemes', '#迪士尼梗圖']",懶猴和文字的圖像.
115,63000,2024-10-29T13:28:11.000Z,,91,0,1,"['#explorepage', '#foryou', '#reels', '#instareels', '#viralreels', '#comedyreels', '#funnyreels', '#friendship', '#jigriyaar', '#bff', '#instagram', '#trending', '#explorepage', '#instagood', '#reelsvideo', '#fypyes', '#quoteftheday', '#beautiful', '#new', '#trending', '#vairalvideo']",
116,25000,2024-11-11T10:59:01.000Z,2,27,0,1,"['#oodbycheckin', '#Taipei', '#FirstNoteOfLove1stFMinTPE', '#FNOLPerfectFinale', '#彈一場完美戀愛', '#FirstNoteofLove', '#โน', '#你的情歌由我來唱', '#涂善存', '#張豐豪', '#劉泯廷', '#JAMEKASAMA', '#金泰佑', '#李佳歡', '#李英宏', '#Amanda', '#劉紀範', '#練建宏', '#華納音樂', '#BL', '#boyslove', '#GagaOOLala', '#GagaOOLalaOriginal', '#PorticoMedia', '#杰德影音']",
117,12180000,2024-10-28T14:23:45.000Z,136000,229,0,1,[],
118,74000,2024-11-11T07:01:07.000Z,1109,0,0,1,[],
119,53000,2024-11-13T09:34:54.000Z,1215,0,1,0,[],海報和文字的圖像.
120,7333000,2024-11-11T09:51:04.000Z,560000,759,1,0,[],紅心、海報、雜誌和文字的圖像.
121,18000,2024-11-12T12:02:13.000Z,412,1,1,0,"['#理想混蛋', '#換日線BESTART']",3 個人、瀏海和文字的圖像.
122,126000,2024-10-22T13:04:35.000Z,151000,902,0,1,[],
123,701000,2024-11-13T12:06:04.000Z,10000,110,0,1,"['#makeup', '#彩妝', '#秋冬妝容', '#秘月期popoo']",
124,4595000,2024-11-14T10:39:59.000Z,16000,25,1,0,[],1 人和文字的圖像.
125,531000,2024-10-22T13:22:36.000Z,1155,50,1,0,"['#onemansjourney', '#mercurymovement', '#terryleenelson', '#picoftheday', '#photo', '#photography', '#beautiful', '#somethingnew', '#artcollector', '#contemporaryart', '#contemporary', '#abstractart', '#abstractpainting', '#abstractart', '#abstractartist', '#abstract', '#abstraction']",1 人和鬍鬚的自拍照.
126,10000,2024-11-09T11:24:29.000Z,351,15,1,0,"['#香港', '#堅尼地城']",8 個人和文字的圖像.
127,97000,2024-11-13T22:59:53.000Z,624000,796,0,1,"['#pushkarfair2024', '#viralvideo', '#pushkarmela2024', '#bhainsa', '#bulls', '#viral']",
128,397000,2024-11-15T05:39:03.000Z,10000,22,1,0,"['#locofrank', '#manwithamission', '#oosaka', '#gorillahall', '#backtoring']",2 個人、人群和音樂會的圖像.
129,54000,2024-11-10T11:03:33.000Z,5063,73,1,0,"['#versaceeyewear', '#玖壹壹南北貳路音樂節']",1 人、眼鏡、速克達和高領上衣的圖像.
130,56000,2024-10-23T01:54:08.000Z,3539,22,1,0,"['#Sydney', '#Australia']",4 個人、雪梨港灣大橋和公園的圖像.
131,53000,2024-09-26T01:20:16.000Z,92000,128,0,1,"['#bestfriends', '#girlfriendshipforever', '#bff', '#trendingreels']",
132,273000,2024-11-14T05:12:14.000Z,515000,553,0,1,"['#shrutimarathe', '#aaryakpathak', '#marathimovie', '#pune', '#gulaabi', '#voiletflamemotionpictures']",
133,72000,2024-11-13T12:00:39.000Z,1318,6,1,0,"['#迷因', '#梗圖', '#迷因梗', '#迷因梗圖', '#memes']",文字的圖像.
134,135000,2024-11-13T08:16:57.000Z,2541,8,1,0,"['#迪士尼', '#迷因', '#幹話語錄', '#笑話', '#惡搞語錄', '#搞笑語錄', '#memes', '#disneymemes', '#迪士尼梗圖']",懶猴和文字的圖像.
135,63000,2024-10-29T13:28:11.000Z,,91,0,1,"['#explorepage', '#foryou', '#reels', '#instareels', '#viralreels', '#comedyreels', '#funnyreels', '#friendship', '#jigriyaar', '#bff', '#instagram', '#trending', '#explorepage', '#instagood', '#reelsvideo', '#fypyes', '#quoteftheday', '#beautiful', '#new', '#trending', '#vairalvideo']",
136,25000,2024-11-11T10:59:01.000Z,2,27,0,1,"['#oodbycheckin', '#Taipei', '#FirstNoteOfLove1stFMinTPE', '#FNOLPerfectFinale', '#彈一場完美戀愛', '#FirstNoteofLove', '#โน', '#你的情歌由我來唱', '#涂善存', '#張豐豪', '#劉泯廷', '#JAMEKASAMA', '#金泰佑', '#李佳歡', '#李英宏', '#Amanda', '#劉紀範', '#練建宏', '#華納音樂', '#BL', '#boyslove', '#GagaOOLala', '#GagaOOLalaOriginal', '#PorticoMedia', '#杰德影音']",
137,12180000,2024-10-28T14:23:45.000Z,136000,229,0,1,[],
138,74000,2024-11-11T07:01:07.000Z,1109,0,0,1,[],
139,53000,2024-11-13T09:34:54.000Z,1215,0,1,0,[],海報和文字的圖像.
140,7333000,2024-11-11T09:51:04.000Z,560000,1028,1,0,[],紅心、海報、雜誌和文字的圖像.
141,18000,2024-11-12T12:02:13.000Z,412,1,1,0,"['#理想混蛋', '#換日線BESTART']",3 個人、瀏海和文字的圖像.
142,126000,2024-10-22T13:04:35.000Z,151000,902,0,1,[],
143,701000,2024-11-13T12:06:04.000Z,10000,110,0,1,"['#makeup', '#彩妝', '#秋冬妝容', '#秘月期popoo']",
144,4595000,2024-11-14T10:39:59.000Z,16000,25,1,0,[],1 人和文字的圖像.
145,531000,2024-10-22T13:22:36.000Z,1155,50,1,0,"['#onemansjourney', '#mercurymovement', '#terryleenelson', '#picoftheday', '#photo', '#photography', '#beautiful', '#somethingnew', '#artcollector', '#contemporaryart', '#contemporary', '#abstractart', '#abstractpainting', '#abstractart', '#abstractartist', '#abstract', '#abstraction']",1 人和鬍鬚的自拍照.
146,10000,2024-11-09T11:24:29.000Z,351,15,1,0,"['#香港', '#堅尼地城']",8 個人和文字的圖像.
147,97000,2024-11-13T22:59:53.000Z,624000,796,0,1,"['#pushkarfair2024', '#viralvideo', '#pushkarmela2024', '#bhainsa', '#bulls', '#viral']",
148,397000,2024-11-15T05:39:03.000Z,10000,22,1,0,"['#locofrank', '#manwithamission', '#oosaka', '#gorillahall', '#backtoring']",2 個人、人群和音樂會的圖像.
149,54000,2024-11-10T11:03:33.000Z,5063,73,1,0,"['#versaceeyewear', '#玖壹壹南北貳路音樂節']",1 人、眼鏡、速克達和高領上衣的圖像.
150,56000,2024-10-23T01:54:08.000Z,3539,22,1,0,"['#Sydney', '#Australia']",4 個人、雪梨港灣大橋和公園的圖像.
151,53000,2024-09-26T01:20:16.000Z,92000,128,0,1,"['#bestfriends', '#girlfriendshipforever', '#bff', '#trendingreels']",
152,273000,2024-11-14T05:12:14.000Z,515000,553,0,1,"['#shrutimarathe', '#aaryakpathak', '#marathimovie', '#pune', '#gulaabi', '#voiletflamemotionpictures']",
153,72000,2024-11-13T12:00:39.000Z,1318,6,1,0,"['#迷因', '#梗圖', '#迷因梗', '#迷因梗圖', '#memes']",文字的圖像.
154,135000,2024-11-13T08:16:57.000Z,2541,8,1,0,"['#迪士尼', '#迷因', '#幹話語錄', '#笑話', '#惡搞語錄', '#搞笑語錄', '#memes', '#disneymemes', '#迪士尼梗圖']",懶猴和文字的圖像.
155,63000,2024-10-29T13:28:11.000Z,,91,0,1,"['#explorepage', '#foryou', '#reels', '#instareels', '#viralreels', '#comedyreels', '#funnyreels', '#friendship', '#jigriyaar', '#bff', '#instagram', '#trending', '#explorepage', '#instagood', '#reelsvideo', '#fypyes', '#quoteftheday', '#beautiful', '#new', '#trending', '#vairalvideo']",
156,25000,2024-11-11T10:59:01.000Z,2,27,0,1,"['#oodbycheckin', '#Taipei', '#FirstNoteOfLove1stFMinTPE', '#FNOLPerfectFinale', '#彈一場完美戀愛', '#FirstNoteofLove', '#โน', '#你的情歌由我來唱', '#涂善存', '#張豐豪', '#劉泯廷', '#JAMEKASAMA', '#金泰佑', '#李佳歡', '#李英宏', '#Amanda', '#劉紀範', '#練建宏', '#華納音樂', '#BL', '#boyslove', '#GagaOOLala', '#GagaOOLalaOriginal', '#PorticoMedia', '#杰德影音']",
157,12180000,2024-10-28T14:23:45.000Z,136000,229,0,1,[],
158,74000,2024-11-11T07:01:07.000Z,1109,0,0,1,[],
159,53000,2024-11-13T09:34:54.000Z,1215,0,1,0,[],海報和文字的圖像.
160,7333000,2024-11-11T09:51:04.000Z,560000,1251,1,0,[],紅心、海報、雜誌和文字的圖像.
161,18000,2024-11-12T12:02:13.000Z,412,1,1,0,"['#理想混蛋', '#換日線BESTART']",3 個人、瀏海和文字的圖像.
162,126000,2024-10-22T13:04:35.000Z,151000,902,0,1,[],
163,701000,2024-11-13T12:06:04.000Z,10000,110,0,1,"['#makeup', '#彩妝', '#秋冬妝容', '#秘月期popoo']",
164,4595000,2024-11-14T10:39:59.000Z,16000,25,1,0,[],1 人和文字的圖像.
165,531000,2024-10-22T13:22:36.000Z,1155,50,1,0,"['#onemansjourney', '#mercurymovement', '#terryleenelson', '#picoftheday', '#photo', '#photography', '#beautiful', '#somethingnew', '#artcollector', '#contemporaryart', '#contemporary', '#abstractart', '#abstractpainting', '#abstractart', '#abstractartist', '#abstract', '#abstraction']",1 人和鬍鬚的自拍照.
166,10000,2024-11-09T11:24:29.000Z,351,15,1,0,"['#香港', '#堅尼地城']",8 個人和文字的圖像.
167,97000,2024-11-13T22:59:53.000Z,624000,796,0,1,"['#pushkarfair2024', '#viralvideo', '#pushkarmela2024', '#bhainsa', '#bulls', '#viral']",
168,397000,2024-11-15T05:39:03.000Z,10000,22,1,0,"['#locofrank', '#manwithamission', '#oosaka', '#gorillahall', '#backtoring']",2 個人、人群和音樂會的圖像.
169,54000,2024-11-10T11:03:33.000Z,5063,73,1,0,"['#versaceeyewear', '#玖壹壹南北貳路音樂節']",1 人、眼鏡、速克達和高領上衣的圖像.
170,56000,2024-10-23T01:54:08.000Z,3539,22,1,0,"['#Sydney', '#Australia']",4 個人、雪梨港灣大橋和公園的圖像.
171,53000,2024-09-26T01:20:16.000Z,92000,128,0,1,"['#bestfriends', '#girlfriendshipforever', '#bff', '#trendingreels']",
172,273000,2024-11-14T05:12:14.000Z,515000,553,0,1,"['#shrutimarathe', '#aaryakpathak', '#marathimovie', '#pune', '#gulaabi', '#voiletflamemotionpictures']",
173,72000,2024-11-13T12:00:39.000Z,1318,6,1,0,"['#迷因', '#梗圖', '#迷因梗', '#迷因梗圖', '#memes']",文字的圖像.
174,135000,2024-11-13T08:16:57.000Z,2541,8,1,0,"['#迪士尼', '#迷因', '#幹話語錄', '#笑話', '#惡搞語錄', '#搞笑語錄', '#memes', '#disneymemes', '#迪士尼梗圖']",懶猴和文字的圖像.
175,63000,2024-10-29T13:28:11.000Z,,91,0,1,"['#explorepage', '#foryou', '#reels', '#instareels', '#viralreels', '#comedyreels', '#funnyreels', '#friendship', '#jigriyaar', '#bff', '#instagram', '#trending', '#explorepage', '#instagood', '#reelsvideo', '#fypyes', '#quoteftheday', '#beautiful', '#new', '#trending', '#vairalvideo']",
176,25000,2024-11-11T10:59:01.000Z,2,27,0,1,"['#oodbycheckin', '#Taipei', '#FirstNoteOfLove1stFMinTPE', '#FNOLPerfectFinale', '#彈一場完美戀愛', '#FirstNoteofLove', '#โน', '#你的情歌由我來唱', '#涂善存', '#張豐豪', '#劉泯廷', '#JAMEKASAMA', '#金泰佑', '#李佳歡', '#李英宏', '#Amanda', '#劉紀範', '#練建宏', '#華納音樂', '#BL', '#boyslove', '#GagaOOLala', '#GagaOOLalaOriginal', '#PorticoMedia', '#杰德影音']",
177,12180000,2024-10-28T14:23:45.000Z,136000,229,0,1,[],
178,74000,2024-11-11T07:01:07.000Z,1109,0,0,1,[],
179,53000,2024-11-13T09:34:54.000Z,1215,0,1,0,[],海報和文字的圖像.
180,7333000,2024-11-11T09:51:04.000Z,560000,1386,1,0,[],紅心、海報、雜誌和文字的圖像.
181,18000,2024-11-12T12:02:13.000Z,412,1,1,0,"['#理想混蛋', '#換日線BESTART']",3 個人、瀏海和文字的圖像.
182,126000,2024-10-22T13:04:35.000Z,151000,902,0,1,[],
183,701000,2024-11-13T12:06:04.000Z,10000,110,0,1,"['#makeup', '#彩妝', '#秋冬妝容', '#秘月期popoo']",
184,4595000,2024-11-14T10:39:59.000Z,16000,25,1,0,[],1 人和文字的圖像.
185,531000,2024-10-22T13:22:36.000Z,1155,50,1,0,"['#onemansjourney', '#mercurymovement', '#terryleenelson', '#picoftheday', '#photo', '#photography', '#beautiful', '#somethingnew', '#artcollector', '#contemporaryart', '#contemporary', '#abstractart', '#abstractpainting', '#abstractart', '#abstractartist', '#abstract', '#abstraction']",1 人和鬍鬚的自拍照.
186,10000,2024-11-09T11:24:29.000Z,351,15,1,0,"['#香港', '#堅尼地城']",8 個人和文字的圖像.
187,97000,2024-11-13T22:59:53.000Z,624000,796,0,1,"['#pushkarfair2024', '#viralvideo', '#pushkarmela2024', '#bhainsa', '#bulls', '#viral']",
188,397000,2024-11-15T05:39:03.000Z,10000,22,1,0,"['#locofrank', '#manwithamission', '#oosaka', '#gorillahall', '#backtoring']",2 個人、人群和音樂會的圖像.
189,54000,2024-11-10T11:03:33.000Z,5063,73,1,0,"['#versaceeyewear', '#玖壹壹南北貳路音樂節']",1 人、眼鏡、速克達和高領上衣的圖像.
190,56000,2024-10-23T01:54:08.000Z,3539,22,1,0,"['#Sydney', '#Australia']",4 個人、雪梨港灣大橋和公園的圖像.
191,53000,2024-09-26T01:20:16.000Z,92000,128,0,1,"['#bestfriends', '#girlfriendshipforever', '#bff', '#trendingreels']",
192,273000,2024-11-14T05:12:14.000Z,515000,553,0,1,"['#shrutimarathe', '#aaryakpathak', '#marathimovie', '#pune', '#gulaabi', '#voiletflamemotionpictures']",
193,72000,2024-11-13T12:00:39.000Z,1318,6,1,0,"['#迷因', '#梗圖', '#迷因梗', '#迷因梗圖', '#memes']",文字的圖像.
194,135000,2024-11-13T08:16:57.000Z,2541,8,1,0,"['#迪士尼', '#迷因', '#幹話語錄', '#笑話', '#惡搞語錄', '#搞笑語錄', '#memes', '#disneymemes', '#迪士尼梗圖']",懶猴和文字的圖像.
195,63000,2024-10-29T13:28:11.000Z,,91,0,1,"['#explorepage', '#foryou', '#reels', '#instareels', '#viralreels', '#comedyreels', '#funnyreels', '#friendship', '#jigriyaar', '#bff', '#instagram', '#trending', '#explorepage', '#instagood', '#reelsvideo', '#fypyes', '#quoteftheday', '#beautiful', '#new', '#trending', '#vairalvideo']",
196,25000,2024-11-11T10:59:01.000Z,2,27,0,1,"['#oodbycheckin', '#Taipei', '#FirstNoteOfLove1stFMinTPE', '#FNOLPerfectFinale', '#彈一場完美戀愛', '#FirstNoteofLove', '#โน', '#你的情歌由我來唱', '#涂善存', '#張豐豪', '#劉泯廷', '#JAMEKASAMA', '#金泰佑', '#李佳歡', '#李英宏', '#Amanda', '#劉紀範', '#練建宏', '#華納音樂', '#BL', '#boyslove', '#GagaOOLala', '#GagaOOLalaOriginal', '#PorticoMedia', '#杰德影音']",
197,12180000,2024-10-28T14:23:45.000Z,136000,229,0,1,[],
198,74000,2024-11-11T07:01:07.000Z,1109,0,0,1,[],
199,53000,2024-11-13T09:34:54.000Z,1215,0,1,0,[],海報和文字的圖像.
200,7333000,2024-11-11T09:51:04.000Z,560000,1625,1,0,[],紅心、海報、雜誌和文字的圖像.
201,8146000,2024-10-19T21:44:35.000Z,675000,160,0,1,"['#DanceKarnatakaDance2024', '#DKD2024', '#SongRecreationround', '#ZeeOnTheGoReels', '#ZeeKannada', '#BayasidaBaagiluTegeyona']",
202,12000,2024-09-15T01:30:50.000Z,75000,218,0,1,"['#tipsanaksehat', '#tipsparentinganak', '#mainananak', '#videoanaklucu']",
203,246000,2024-11-13T15:28:19.000Z,43000,213,1,0,[],1 人、打棒球、體育場和文字的圖像.
204,7015,2024-09-15T11:20:05.000Z,79000,130,0,1,[],
205,93000,2024-11-02T16:25:59.000Z,129000,107,0,1,"['#innisfree', '#pores', '#claymask', '#koreanskincare', '#poremask', '#porecare', '#oilcontrol', '#skincareroutine', '#sephorasale']",
206,343000,2024-11-13T10:57:44.000Z,122000,179,0,1,[],
207,20000,2024-10-12T13:05:12.000Z,48000,74,0,1,"['#reelindia', '#sololife', '#sadlife', '#brokenlife', '#brokenheartquotes', '#myhappymoments', '#sadstatus', '#sadlove', '#fakesmile', '#fakelove', '#fakechat', '#newpost', '#reelsinstagram', '#viralreels', '#viralinstagram', '#newreels', '#newarrivals', '#viralvideos', '#me']",
208,2126,2024-10-04T03:54:08.000Z,23000,214,0,1,"['#popmart', '#popmartglobal', '#labubumacaron', '#labubuhaveaseat', '#labubu', '#popmartlabubu', '#labubupopmart', '#labubu視角', '#popmartcollection', '#popmartphotographer', '#blindbox', '#blindboxtoys', '#arttoy', '#toyphotography', '#toycollector', '#toyphoto']",
209,12000,2024-09-26T10:56:56.000Z,105000,153,0,1,"['#fyp', '#fypシ', '#quotes', '#sadquotespage', '#dailyquotes', '#quoteoftheday', '#trending', '#goviral', '#instagram', '#instagood', '#instalike', '#reels', '#reelsfeed', '#support', '#fypppppppppppppppppppppppppppppppppppppppppppppppppppppppppppppppppppppp']",
210,135000,2024-11-13T08:16:57.000Z,2573,8,1,0,"['#迪士尼', '#迷因', '#幹話語錄', '#笑話', '#惡搞語錄', '#搞笑語錄', '#memes', '#disneymemes', '#迪士尼梗圖']",懶猴和文字的圖像.
211,11000,2024-11-14T11:01:49.000Z,205000,253,0,1,[],
212,342000,2024-10-27T06:51:14.000Z,54000,165,0,1,[],
213,52000,2024-09-29T08:15:46.000Z,6404,35,0,1,[],
214,28000,2024-10-22T12:29:54.000Z,6762,141,0,1,"['#radhekrishna', '#radhe', '#krishna', '#love', '#prem', '#lovesongs', '#diwali', '#dipawalispecial']",
215,75000,2024-10-18T04:16:58.000Z,95000,178,0,1,"['#btsarmy', '#kimtaehyung', '#rm', '#jin', '#jimin', '#hobi', '#jhope', '#suga', '#taehyung', '#jungkook', '#army', '#v', '#jeonjungkook', '#seokjin', '#namjoon', '#picture']",
216,585000,2024-11-06T06:03:44.000Z,16000,167,0,1,"['#viralreels', '#instagood']",
217,214000,2024-10-23T08:06:31.000Z,101000,185,1,0,"['#fyp', '#maternity', '#photoshoot', '#soccer']",2 個人和文字的圖像.
218,240000,2024-11-02T11:30:24.000Z,6454,52,1,0,"['#눈바디', '#바디체크', '#인바디', '#인바디측정', '#인바디다이얼', '#bodycheck', '#인바디결과', '#beforeandafter']",1 人、運動服裝、胸罩和文字的圖像.
219,278000,2024-10-26T04:00:00.000Z,62000,331,0,1,"['#夫妻', '#先生', '#女生', '#爭吵', '#情緒', '#穩定']",
220,8146000,2024-10-19T21:44:35.000Z,675000,378,0,1,"['#DanceKarnatakaDance2024', '#DKD2024', '#SongRecreationround', '#ZeeOnTheGoReels', '#ZeeKannada', '#BayasidaBaagiluTegeyona']",
221,12000,2024-09-15T01:30:50.000Z,75000,417,0,1,"['#tipsanaksehat', '#tipsparentinganak', '#mainananak', '#videoanaklucu']",
222,246000,2024-11-13T15:28:19.000Z,43000,213,1,0,[],1 人、打棒球、體育場和文字的圖像.
223,7015,2024-09-15T11:20:05.000Z,79000,356,0,1,[],
224,93000,2024-11-02T16:25:59.000Z,129000,107,0,1,"['#innisfree', '#pores', '#claymask', '#koreanskincare', '#poremask', '#porecare', '#oilcontrol', '#skincareroutine', '#sephorasale']",
225,343000,2024-11-13T10:57:44.000Z,122000,382,0,1,[],
226,20000,2024-10-12T13:05:12.000Z,48000,74,0,1,"['#reelindia', '#sololife', '#sadlife', '#brokenlife', '#brokenheartquotes', '#myhappymoments', '#sadstatus', '#sadlove', '#fakesmile', '#fakelove', '#fakechat', '#newpost', '#reelsinstagram', '#viralreels', '#viralinstagram', '#newreels', '#newarrivals', '#viralvideos', '#me']",
227,2126,2024-10-04T03:54:08.000Z,23000,383,0,1,"['#popmart', '#popmartglobal', '#labubumacaron', '#labubuhaveaseat', '#labubu', '#popmartlabubu', '#labubupopmart', '#labubu視角', '#popmartcollection', '#popmartphotographer', '#blindbox', '#blindboxtoys', '#arttoy', '#toyphotography', '#toycollector', '#toyphoto']",
228,12000,2024-09-26T10:56:56.000Z,105000,376,0,1,"['#fyp', '#fypシ', '#quotes', '#sadquotespage', '#dailyquotes', '#quoteoftheday', '#trending', '#goviral', '#instagram', '#instagood', '#instalike', '#reels', '#reelsfeed', '#support', '#fypppppppppppppppppppppppppppppppppppppppppppppppppppppppppppppppppppppp']",
229,135000,2024-11-13T08:16:57.000Z,2573,8,1,0,"['#迪士尼', '#迷因', '#幹話語錄', '#笑話', '#惡搞語錄', '#搞笑語錄', '#memes', '#disneymemes', '#迪士尼梗圖']",懶猴和文字的圖像.
230,11000,2024-11-14T11:01:49.000Z,205000,493,0,1,[],
231,342000,2024-10-27T06:51:14.000Z,54000,232,0,1,[],
232,52000,2024-09-29T08:15:46.000Z,6404,35,0,1,[],
233,28000,2024-10-22T12:29:54.000Z,6762,141,0,1,"['#radhekrishna', '#radhe', '#krishna', '#love', '#prem', '#lovesongs', '#diwali', '#dipawalispecial']",
234,75000,2024-10-18T04:16:58.000Z,95000,388,0,1,"['#btsarmy', '#kimtaehyung', '#rm', '#jin', '#jimin', '#hobi', '#jhope', '#suga', '#taehyung', '#jungkook', '#army', '#v', '#jeonjungkook', '#seokjin', '#namjoon', '#picture']",
235,586000,2024-11-06T06:03:44.000Z,16000,287,0,1,"['#viralreels', '#instagood']",
236,214000,2024-10-23T08:06:31.000Z,101000,200,1,0,"['#fyp', '#maternity', '#photoshoot', '#soccer']",2 個人和文字的圖像.
237,240000,2024-11-02T11:30:24.000Z,6454,52,1,0,"['#눈바디', '#바디체크', '#인바디', '#인바디측정', '#인바디다이얼', '#bodycheck', '#인바디결과', '#beforeandafter']",1 人、運動服裝、胸罩和文字的圖像.
238,278000,2024-10-26T04:00:00.000Z,62000,508,0,1,"['#夫妻', '#先生', '#女生', '#爭吵', '#情緒', '#穩定']",
239,8146000,2024-10-19T21:44:35.000Z,675000,558,0,1,"['#DanceKarnatakaDance2024', '#DKD2024', '#SongRecreationround', '#ZeeOnTheGoReels', '#ZeeKannada', '#BayasidaBaagiluTegeyona']",
240,12000,2024-09-15T01:30:50.000Z,75000,417,0,1,"['#tipsanaksehat', '#tipsparentinganak', '#mainananak', '#videoanaklucu']",
241,246000,2024-11-13T15:28:19.000Z,43000,213,1,0,[],1 人、打棒球、體育場和文字的圖像.
242,7014,2024-09-15T11:20:05.000Z,79000,430,0,1,[],
243,93000,2024-11-02T16:25:59.000Z,129000,107,0,1,"['#innisfree', '#pores', '#claymask', '#koreanskincare', '#poremask', '#porecare', '#oilcontrol', '#skincareroutine', '#sephorasale']",
244,343000,2024-11-13T10:57:44.000Z,122000,397,0,1,[],
245,20000,2024-10-12T13:05:12.000Z,48000,74,0,1,"['#reelindia', '#sololife', '#sadlife', '#brokenlife', '#brokenheartquotes', '#myhappymoments', '#sadstatus', '#sadlove', '#fakesmile', '#fakelove', '#fakechat', '#newpost', '#reelsinstagram', '#viralreels', '#viralinstagram', '#newreels', '#newarrivals', '#viralvideos', '#me']",
246,2126,2024-10-04T03:54:08.000Z,23000,396,0,1,"['#popmart', '#popmartglobal', '#labubumacaron', '#labubuhaveaseat', '#labubu', '#popmartlabubu', '#labubupopmart', '#labubu視角', '#popmartcollection', '#popmartphotographer', '#blindbox', '#blindboxtoys', '#arttoy', '#toyphotography', '#toycollector', '#toyphoto']",
247,12000,2024-09-26T10:56:56.000Z,105000,376,0,1,"['#fyp', '#fypシ', '#quotes', '#sadquotespage', '#dailyquotes', '#quoteoftheday', '#trending', '#goviral', '#instagram', '#instagood', '#instalike', '#reels', '#reelsfeed', '#support', '#fypppppppppppppppppppppppppppppppppppppppppppppppppppppppppppppppppppppp']",
248,135000,2024-11-13T08:16:57.000Z,2573,8,1,0,"['#迪士尼', '#迷因', '#幹話語錄', '#笑話', '#惡搞語錄', '#搞笑語錄', '#memes', '#disneymemes', '#迪士尼梗圖']",懶猴和文字的圖像.
249,11000,2024-11-14T11:01:49.000Z,205000,785,0,1,[],
250,342000,2024-10-27T06:51:14.000Z,54000,232,0,1,[],
251,52000,2024-09-29T08:15:46.000Z,6404,35,0,1,[],
252,28000,2024-10-22T12:29:54.000Z,6762,141,0,1,"['#radhekrishna', '#radhe', '#krishna', '#love', '#prem', '#lovesongs', '#diwali', '#dipawalispecial']",
253,75000,2024-10-18T04:16:58.000Z,95000,388,0,1,"['#btsarmy', '#kimtaehyung', '#rm', '#jin', '#jimin', '#hobi', '#jhope', '#suga', '#taehyung', '#jungkook', '#army', '#v', '#jeonjungkook', '#seokjin', '#namjoon', '#picture']",
254,586000,2024-11-06T06:03:44.000Z,16000,287,0,1,"['#viralreels', '#instagood']",
255,214000,2024-10-23T08:06:31.000Z,101000,200,1,0,"['#fyp', '#maternity', '#photoshoot', '#soccer']",2 個人和文字的圖像.
256,240000,2024-11-02T11:30:24.000Z,6454,52,1,0,"['#눈바디', '#바디체크', '#인바디', '#인바디측정', '#인바디다이얼', '#bodycheck', '#인바디결과', '#beforeandafter']",1 人、運動服裝、胸罩和文字的圖像.
257,278000,2024-10-26T04:00:00.000Z,62000,508,0,1,"['#夫妻', '#先生', '#女生', '#爭吵', '#情緒', '#穩定']",
258,8146000,2024-10-19T21:44:35.000Z,675000,792,0,1,"['#DanceKarnatakaDance2024', '#DKD2024', '#SongRecreationround', '#ZeeOnTheGoReels', '#ZeeKannada', '#BayasidaBaagiluTegeyona']",
259,12000,2024-09-15T01:30:50.000Z,75000,417,0,1,"['#tipsanaksehat', '#tipsparentinganak', '#mainananak', '#videoanaklucu']",
260,246000,2024-11-13T15:28:19.000Z,43000,213,1,0,[],1 人、打棒球、體育場和文字的圖像.
261,7015,2024-09-15T11:20:05.000Z,79000,430,0,1,[],
262,93000,2024-11-02T16:25:59.000Z,129000,107,0,1,"['#innisfree', '#pores', '#claymask', '#koreanskincare', '#poremask', '#porecare', '#oilcontrol', '#skincareroutine', '#sephorasale']",
263,343000,2024-11-13T10:57:44.000Z,122000,397,0,1,[],
264,20000,2024-10-12T13:05:12.000Z,48000,74,0,1,"['#reelindia', '#sololife', '#sadlife', '#brokenlife', '#brokenheartquotes', '#myhappymoments', '#sadstatus', '#sadlove', '#fakesmile', '#fakelove', '#fakechat', '#newpost', '#reelsinstagram', '#viralreels', '#viralinstagram', '#newreels', '#newarrivals', '#viralvideos', '#me']",
265,2127,2024-10-04T03:54:08.000Z,23000,396,0,1,"['#popmart', '#popmartglobal', '#labubumacaron', '#labubuhaveaseat', '#labubu', '#popmartlabubu', '#labubupopmart', '#labubu視角', '#popmartcollection', '#popmartphotographer', '#blindbox', '#blindboxtoys', '#arttoy', '#toyphotography', '#toycollector', '#toyphoto']",
266,12000,2024-09-26T10:56:56.000Z,105000,376,0,1,"['#fyp', '#fypシ', '#quotes', '#sadquotespage', '#dailyquotes', '#quoteoftheday', '#trending', '#goviral', '#instagram', '#instagood', '#instalike', '#reels', '#reelsfeed', '#support', '#fypppppppppppppppppppppppppppppppppppppppppppppppppppppppppppppppppppppp']",
267,135000,2024-11-13T08:16:57.000Z,2573,8,1,0,"['#迪士尼', '#迷因', '#幹話語錄', '#笑話', '#惡搞語錄', '#搞笑語錄', '#memes', '#disneymemes', '#迪士尼梗圖']",懶猴和文字的圖像.
268,11000,2024-11-14T11:01:49.000Z,205000,997,0,1,[],
269,342000,2024-10-27T06:51:14.000Z,54000,232,0,1,[],
270,52000,2024-09-29T08:15:46.000Z,6404,35,0,1,[],
271,28000,2024-10-22T12:29:54.000Z,6762,141,0,1,"['#radhekrishna', '#radhe', '#krishna', '#love', '#prem', '#lovesongs', '#diwali', '#dipawalispecial']",
272,75000,2024-10-18T04:16:58.000Z,95000,388,0,1,"['#btsarmy', '#kimtaehyung', '#rm', '#jin', '#jimin', '#hobi', '#jhope', '#suga', '#taehyung', '#jungkook', '#army', '#v', '#jeonjungkook', '#seokjin', '#namjoon', '#picture']",
273,586000,2024-11-06T06:03:44.000Z,16000,287,0,1,"['#viralreels', '#instagood']",
274,214000,2024-10-23T08:06:31.000Z,101000,200,1,0,"['#fyp', '#maternity', '#photoshoot', '#soccer']",2 個人和文字的圖像.
275,240000,2024-11-02T11:30:24.000Z,6454,52,1,0,"['#눈바디', '#바디체크', '#인바디', '#인바디측정', '#인바디다이얼', '#bodycheck', '#인바디결과', '#beforeandafter']",1 人、運動服裝、胸罩和文字的圖像.
276,278000,2024-10-26T04:00:00.000Z,62000,508,0,1,"['#夫妻', '#先生', '#女生', '#爭吵', '#情緒', '#穩定']",
277,8146000,2024-10-19T21:44:35.000Z,675000,987,0,1,"['#DanceKarnatakaDance2024', '#DKD2024', '#SongRecreationround', '#ZeeOnTheGoReels', '#ZeeKannada', '#BayasidaBaagiluTegeyona']",
278,12000,2024-09-15T01:30:50.000Z,75000,417,0,1,"['#tipsanaksehat', '#tipsparentinganak', '#mainananak', '#videoanaklucu']",
279,246000,2024-11-13T15:28:19.000Z,43000,213,1,0,[],1 人、打棒球、體育場和文字的圖像.
280,7016,2024-09-15T11:20:05.000Z,79000,430,0,1,[],
281,93000,2024-11-02T16:25:59.000Z,129000,107,0,1,"['#innisfree', '#pores', '#claymask', '#koreanskincare', '#poremask', '#porecare', '#oilcontrol', '#skincareroutine', '#sephorasale']",
282,343000,2024-11-13T10:57:44.000Z,122000,397,0,1,[],
283,20000,2024-10-12T13:05:12.000Z,48000,74,0,1,"['#reelindia', '#sololife', '#sadlife', '#brokenlife', '#brokenheartquotes', '#myhappymoments', '#sadstatus', '#sadlove', '#fakesmile', '#fakelove', '#fakechat', '#newpost', '#reelsinstagram', '#viralreels', '#viralinstagram', '#newreels', '#newarrivals', '#viralvideos', '#me']",
284,2127,2024-10-04T03:54:08.000Z,23000,396,0,1,"['#popmart', '#popmartglobal', '#labubumacaron', '#labubuhaveaseat', '#labubu', '#popmartlabubu', '#labubupopmart', '#labubu視角', '#popmartcollection', '#popmartphotographer', '#blindbox', '#blindboxtoys', '#arttoy', '#toyphotography', '#toycollector', '#toyphoto']",
285,12000,2024-09-26T10:56:56.000Z,105000,376,0,1,"['#fyp', '#fypシ', '#quotes', '#sadquotespage', '#dailyquotes', '#quoteoftheday', '#trending', '#goviral', '#instagram', '#instagood', '#instalike', '#reels', '#reelsfeed', '#support', '#fypppppppppppppppppppppppppppppppppppppppppppppppppppppppppppppppppppppp']",
286,135000,2024-11-13T08:16:57.000Z,2573,8,1,0,"['#迪士尼', '#迷因', '#幹話語錄', '#笑話', '#惡搞語錄', '#搞笑語錄', '#memes', '#disneymemes', '#迪士尼梗圖']",懶猴和文字的圖像.
287,11000,2024-11-14T11:01:49.000Z,205000,997,0,1,[],
288,342000,2024-10-27T06:51:14.000Z,54000,232,0,1,[],
289,52000,2024-09-29T08:15:46.000Z,6404,35,0,1,[],
290,28000,2024-10-22T12:29:54.000Z,6762,141,0,1,"['#radhekrishna', '#radhe', '#krishna', '#love', '#prem', '#lovesongs', '#diwali', '#dipawalispecial']",
291,75000,2024-10-18T04:16:58.000Z,95000,388,0,1,"['#btsarmy', '#kimtaehyung', '#rm', '#jin', '#jimin', '#hobi', '#jhope', '#suga', '#taehyung', '#jungkook', '#army', '#v', '#jeonjungkook', '#seokjin', '#namjoon', '#picture']",
292,586000,2024-11-06T06:03:44.000Z,16000,287,0,1,"['#viralreels', '#instagood']",
293,214000,2024-10-23T08:06:31.000Z,101000,200,1,0,"['#fyp', '#maternity', '#photoshoot', '#soccer']",2 個人和文字的圖像.
294,240000,2024-11-02T11:30:24.000Z,6454,52,1,0,"['#눈바디', '#바디체크', '#인바디', '#인바디측정', '#인바디다이얼', '#bodycheck', '#인바디결과', '#beforeandafter']",1 人、運動服裝、胸罩和文字的圖像.
295,278000,2024-10-26T04:00:00.000Z,62000,508,0,1,"['#夫妻', '#先生', '#女生', '#爭吵', '#情緒', '#穩定']",
296,8146000,2024-10-19T21:44:35.000Z,675000,987,0,1,"['#DanceKarnatakaDance2024', '#DKD2024', '#SongRecreationround', '#ZeeOnTheGoReels', '#ZeeKannada', '#BayasidaBaagiluTegeyona']",
297,12000,2024-09-15T01:30:50.000Z,75000,417,0,1,"['#tipsanaksehat', '#tipsparentinganak', '#mainananak', '#videoanaklucu']",
298,246000,2024-11-13T15:28:19.000Z,43000,213,1,0,[],1 人、打棒球、體育場和文字的圖像.
299,7016,2024-09-15T11:20:05.000Z,79000,430,0,1,[],
300,93000,2024-11-02T16:25:59.000Z,129000,107,0,1,"['#innisfree', '#pores', '#claymask', '#koreanskincare', '#poremask', '#porecare', '#oilcontrol', '#skincareroutine', '#sephorasale']",
301,343000,2024-11-13T10:57:44.000Z,122000,397,0,1,[],
302,20000,2024-10-12T13:05:12.000Z,48000,74,0,1,"['#reelindia', '#sololife', '#sadlife', '#brokenlife', '#brokenheartquotes', '#myhappymoments', '#sadstatus', '#sadlove', '#fakesmile', '#fakelove', '#fakechat', '#newpost', '#reelsinstagram', '#viralreels', '#viralinstagram', '#newreels', '#newarrivals', '#viralvideos', '#me']",
303,2127,2024-10-04T03:54:08.000Z,23000,396,0,1,"['#popmart', '#popmartglobal', '#labubumacaron', '#labubuhaveaseat', '#labubu', '#popmartlabubu', '#labubupopmart', '#labubu視角', '#popmartcollection', '#popmartphotographer', '#blindbox', '#blindboxtoys', '#arttoy', '#toyphotography', '#toycollector', '#toyphoto']",
304,12000,2024-09-26T10:56:56.000Z,105000,376,0,1,"['#fyp', '#fypシ', '#quotes', '#sadquotespage', '#dailyquotes', '#quoteoftheday', '#trending', '#goviral', '#instagram', '#instagood', '#instalike', '#reels', '#reelsfeed', '#support', '#fypppppppppppppppppppppppppppppppppppppppppppppppppppppppppppppppppppppp']",
305,135000,2024-11-13T08:16:57.000Z,2573,8,1,0,"['#迪士尼', '#迷因', '#幹話語錄', '#笑話', '#惡搞語錄', '#搞笑語錄', '#memes', '#disneymemes', '#迪士尼梗圖']",懶猴和文字的圖像.
306,11000,2024-11-14T11:01:49.000Z,205000,997,0,1,[],
307,342000,2024-10-27T06:51:14.000Z,54000,232,0,1,[],
308,52000,2024-09-29T08:15:46.000Z,6404,35,0,1,[],
309,28000,2024-10-22T12:29:54.000Z,6762,141,0,1,"['#radhekrishna', '#radhe', '#krishna', '#love', '#prem', '#lovesongs', '#diwali', '#dipawalispecial']",
310,75000,2024-10-18T04:16:58.000Z,95000,388,0,1,"['#btsarmy', '#kimtaehyung', '#rm', '#jin', '#jimin', '#hobi', '#jhope', '#suga', '#taehyung', '#jungkook', '#army', '#v', '#jeonjungkook', '#seokjin', '#namjoon', '#picture']",
311,586000,2024-11-06T06:03:44.000Z,16000,287,0,1,"['#viralreels', '#instagood']",
312,214000,2024-10-23T08:06:31.000Z,101000,200,1,0,"['#fyp', '#maternity', '#photoshoot', '#soccer']",2 個人和文字的圖像.
313,240000,2024-11-02T11:30:24.000Z,6454,52,1,0,"['#눈바디', '#바디체크', '#인바디', '#인바디측정', '#인바디다이얼', '#bodycheck', '#인바디결과', '#beforeandafter']",1 人、運動服裝、胸罩和文字的圖像.
314,278000,2024-10-26T04:00:00.000Z,62000,508,0,1,"['#夫妻', '#先生', '#女生', '#爭吵', '#情緒', '#穩定']",
315,8146000,2024-10-19T21:44:35.000Z,675000,987,0,1,"['#DanceKarnatakaDance2024', '#DKD2024', '#SongRecreationround', '#ZeeOnTheGoReels', '#ZeeKannada', '#BayasidaBaagiluTegeyona']",
316,12000,2024-09-15T01:30:50.000Z,75000,417,0,1,"['#tipsanaksehat', '#tipsparentinganak', '#mainananak', '#videoanaklucu']",
317,246000,2024-11-13T15:28:19.000Z,43000,213,1,0,[],1 人、打棒球、體育場和文字的圖像.
318,7017,2024-09-15T11:20:05.000Z,79000,430,0,1,[],
319,93000,2024-11-02T16:25:59.000Z,129000,107,0,1,"['#innisfree', '#pores', '#claymask', '#koreanskincare', '#poremask', '#porecare', '#oilcontrol', '#skincareroutine', '#sephorasale']",
320,344000,2024-11-13T10:57:44.000Z,122000,397,0,1,[],
321,20000,2024-10-12T13:05:12.000Z,48000,74,0,1,"['#reelindia', '#sololife', '#sadlife', '#brokenlife', '#brokenheartquotes', '#myhappymoments', '#sadstatus', '#sadlove', '#fakesmile', '#fakelove', '#fakechat', '#newpost', '#reelsinstagram', '#viralreels', '#viralinstagram', '#newreels', '#newarrivals', '#viralvideos', '#me']",
322,2127,2024-10-04T03:54:08.000Z,23000,396,0,1,"['#popmart', '#popmartglobal', '#labubumacaron', '#labubuhaveaseat', '#labubu', '#popmartlabubu', '#labubupopmart', '#labubu視角', '#popmartcollection', '#popmartphotographer', '#blindbox', '#blindboxtoys', '#arttoy', '#toyphotography', '#toycollector', '#toyphoto']",
323,12000,2024-09-26T10:56:56.000Z,105000,376,0,1,"['#fyp', '#fypシ', '#quotes', '#sadquotespage', '#dailyquotes', '#quoteoftheday', '#trending', '#goviral', '#instagram', '#instagood', '#instalike', '#reels', '#reelsfeed', '#support', '#fypppppppppppppppppppppppppppppppppppppppppppppppppppppppppppppppppppppp']",
324,135000,2024-11-13T08:16:57.000Z,2573,8,1,0,"['#迪士尼', '#迷因', '#幹話語錄', '#笑話', '#惡搞語錄', '#搞笑語錄', '#memes', '#disneymemes', '#迪士尼梗圖']",懶猴和文字的圖像.
325,11000,2024-11-14T11:01:49.000Z,205000,997,0,1,[],
326,342000,2024-10-27T06:51:14.000Z,54000,232,0,1,[],
327,52000,2024-09-29T08:15:46.000Z,6404,35,0,1,[],
328,28000,2024-10-22T12:29:54.000Z,6762,141,0,1,"['#radhekrishna', '#radhe', '#krishna', '#love', '#prem', '#lovesongs', '#diwali', '#dipawalispecial']",
329,75000,2024-10-18T04:16:58.000Z,95000,388,0,1,"['#btsarmy', '#kimtaehyung', '#rm', '#jin', '#jimin', '#hobi', '#jhope', '#suga', '#taehyung', '#jungkook', '#army', '#v', '#jeonjungkook', '#seokjin', '#namjoon', '#picture']",
330,586000,2024-11-06T06:03:44.000Z,16000,287,0,1,"['#viralreels', '#instagood']",
331,214000,2024-10-23T08:06:31.000Z,101000,200,1,0,"['#fyp', '#maternity', '#photoshoot', '#soccer']",2 個人和文字的圖像.
332,240000,2024-11-02T11:30:24.000Z,6454,52,1,0,"['#눈바디', '#바디체크', '#인바디', '#인바디측정', '#인바디다이얼', '#bodycheck', '#인바디결과', '#beforeandafter']",1 人、運動服裝、胸罩和文字的圖像.
333,278000,2024-10-26T04:00:00.000Z,62000,508,0,1,"['#夫妻', '#先生', '#女生', '#爭吵', '#情緒', '#穩定']",
334,8146000,2024-10-19T21:44:35.000Z,675000,987,0,1,"['#DanceKarnatakaDance2024', '#DKD2024', '#SongRecreationround', '#ZeeOnTheGoReels', '#ZeeKannada', '#BayasidaBaagiluTegeyona']",
335,12000,2024-09-15T01:30:50.000Z,75000,417,0,1,"['#tipsanaksehat', '#tipsparentinganak', '#mainananak', '#videoanaklucu']",
336,246000,2024-11-13T15:28:19.000Z,43000,213,1,0,[],1 人、打棒球、體育場和文字的圖像.
337,7016,2024-09-15T11:20:05.000Z,79000,430,0,1,[],
338,93000,2024-11-02T16:25:59.000Z,129000,107,0,1,"['#innisfree', '#pores', '#claymask', '#koreanskincare', '#poremask', '#porecare', '#oilcontrol', '#skincareroutine', '#sephorasale']",
339,344000,2024-11-13T10:57:44.000Z,122000,397,0,1,[],
340,20000,2024-10-12T13:05:12.000Z,48000,74,0,1,"['#reelindia', '#sololife', '#sadlife', '#brokenlife', '#brokenheartquotes', '#myhappymoments', '#sadstatus', '#sadlove', '#fakesmile', '#fakelove', '#fakechat', '#newpost', '#reelsinstagram', '#viralreels', '#viralinstagram', '#newreels', '#newarrivals', '#viralvideos', '#me']",
341,2127,2024-10-04T03:54:08.000Z,23000,396,0,1,"['#popmart', '#popmartglobal', '#labubumacaron', '#labubuhaveaseat', '#labubu', '#popmartlabubu', '#labubupopmart', '#labubu視角', '#popmartcollection', '#popmartphotographer', '#blindbox', '#blindboxtoys', '#arttoy', '#toyphotography', '#toycollector', '#toyphoto']",
342,12000,2024-09-26T10:56:56.000Z,105000,376,0,1,"['#fyp', '#fypシ', '#quotes', '#sadquotespage', '#dailyquotes', '#quoteoftheday', '#trending', '#goviral', '#instagram', '#instagood', '#instalike', '#reels', '#reelsfeed', '#support', '#fypppppppppppppppppppppppppppppppppppppppppppppppppppppppppppppppppppppp']",
343,135000,2024-11-13T08:16:57.000Z,2573,8,1,0,"['#迪士尼', '#迷因', '#幹話語錄', '#笑話', '#惡搞語錄', '#搞笑語錄', '#memes', '#disneymemes', '#迪士尼梗圖']",懶猴和文字的圖像.
344,11000,2024-11-14T11:01:49.000Z,205000,997,0,1,[],
345,342000,2024-10-27T06:51:14.000Z,54000,232,0,1,[],
346,52000,2024-09-29T08:15:46.000Z,6404,35,0,1,[],
347,28000,2024-10-22T12:29:54.000Z,6762,141,0,1,"['#radhekrishna', '#radhe', '#krishna', '#love', '#prem', '#lovesongs', '#diwali', '#dipawalispecial']",
348,75000,2024-10-18T04:16:58.000Z,95000,388,0,1,"['#btsarmy', '#kimtaehyung', '#rm', '#jin', '#jimin', '#hobi', '#jhope', '#suga', '#taehyung', '#jungkook', '#army', '#v', '#jeonjungkook', '#seokjin', '#namjoon', '#picture']",
349,586000,2024-11-06T06:03:44.000Z,16000,287,0,1,"['#viralreels', '#instagood']",
350,214000,2024-10-23T08:06:31.000Z,101000,200,1,0,"['#fyp', '#maternity', '#photoshoot', '#soccer']",2 個人和文字的圖像.
351,240000,2024-11-02T11:30:24.000Z,6454,52,1,0,"['#눈바디', '#바디체크', '#인바디', '#인바디측정', '#인바디다이얼', '#bodycheck', '#인바디결과', '#beforeandafter']",1 人、運動服裝、胸罩和文字的圖像.
352,278000,2024-10-26T04:00:00.000Z,62000,508,0,1,"['#夫妻', '#先生', '#女生', '#爭吵', '#情緒', '#穩定']",
353,8147000,2024-10-19T21:44:35.000Z,675000,987,0,1,"['#DanceKarnatakaDance2024', '#DKD2024', '#SongRecreationround', '#ZeeOnTheGoReels', '#ZeeKannada', '#BayasidaBaagiluTegeyona']",
354,12000,2024-09-15T01:30:50.000Z,75000,417,0,1,"['#tipsanaksehat', '#tipsparentinganak', '#mainananak', '#videoanaklucu']",
355,246000,2024-11-13T15:28:19.000Z,43000,213,1,0,[],1 人、打棒球、體育場和文字的圖像.
356,7015,2024-09-15T11:20:05.000Z,79000,430,0,1,[],
357,93000,2024-11-02T16:25:59.000Z,129000,107,0,1,"['#innisfree', '#pores', '#claymask', '#koreanskincare', '#poremask', '#porecare', '#oilcontrol', '#skincareroutine', '#sephorasale']",
358,344000,2024-11-13T10:57:44.000Z,122000,397,0,1,[],
359,20000,2024-10-12T13:05:12.000Z,48000,74,0,1,"['#reelindia', '#sololife', '#sadlife', '#brokenlife', '#brokenheartquotes', '#myhappymoments', '#sadstatus', '#sadlove', '#fakesmile', '#fakelove', '#fakechat', '#newpost', '#reelsinstagram', '#viralreels', '#viralinstagram', '#newreels', '#newarrivals', '#viralvideos', '#me']",
360,2127,2024-10-04T03:54:08.000Z,23000,396,0,1,"['#popmart', '#popmartglobal', '#labubumacaron', '#labubuhaveaseat', '#labubu', '#popmartlabubu', '#labubupopmart', '#labubu視角', '#popmartcollection', '#popmartphotographer', '#blindbox', '#blindboxtoys', '#arttoy', '#toyphotography', '#toycollector', '#toyphoto']",
361,12000,2024-09-26T10:56:56.000Z,105000,376,0,1,"['#fyp', '#fypシ', '#quotes', '#sadquotespage', '#dailyquotes', '#quoteoftheday', '#trending', '#goviral', '#instagram', '#instagood', '#instalike', '#reels', '#reelsfeed', '#support', '#fypppppppppppppppppppppppppppppppppppppppppppppppppppppppppppppppppppppp']",
362,135000,2024-11-13T08:16:57.000Z,2573,8,1,0,"['#迪士尼', '#迷因', '#幹話語錄', '#笑話', '#惡搞語錄', '#搞笑語錄', '#memes', '#disneymemes', '#迪士尼梗圖']",懶猴和文字的圖像.
363,11000,2024-11-14T11:01:49.000Z,205000,997,0,1,[],
364,342000,2024-10-27T06:51:14.000Z,54000,232,0,1,[],
365,52000,2024-09-29T08:15:46.000Z,6404,35,0,1,[],
366,28000,2024-10-22T12:29:54.000Z,6762,141,0,1,"['#radhekrishna', '#radhe', '#krishna', '#love', '#prem', '#lovesongs', '#diwali', '#dipawalispecial']",
367,75000,2024-10-18T04:16:58.000Z,95000,388,0,1,"['#btsarmy', '#kimtaehyung', '#rm', '#jin', '#jimin', '#hobi', '#jhope', '#suga', '#taehyung', '#jungkook', '#army', '#v', '#jeonjungkook', '#seokjin', '#namjoon', '#picture']",
368,586000,2024-11-06T06:03:44.000Z,16000,287,0,1,"['#viralreels', '#instagood']",
369,214000,2024-10-23T08:06:31.000Z,101000,200,1,0,"['#fyp', '#maternity', '#photoshoot', '#soccer']",2 個人和文字的圖像.
370,240000,2024-11-02T11:30:24.000Z,6454,52,1,0,"['#눈바디', '#바디체크', '#인바디', '#인바디측정', '#인바디다이얼', '#bodycheck', '#인바디결과', '#beforeandafter']",1 人、運動服裝、胸罩和文字的圖像.
371,278000,2024-10-26T04:00:00.000Z,62000,508,0,1,"['#夫妻', '#先生', '#女生', '#爭吵', '#情緒', '#穩定']",
372,8147000,2024-10-19T21:44:35.000Z,675000,987,0,1,"['#DanceKarnatakaDance2024', '#DKD2024', '#SongRecreationround', '#ZeeOnTheGoReels', '#ZeeKannada', '#BayasidaBaagiluTegeyona']",
373,12000,2024-09-15T01:30:50.000Z,75000,417,0,1,"['#tipsanaksehat', '#tipsparentinganak', '#mainananak', '#videoanaklucu']",
374,246000,2024-11-13T15:28:19.000Z,43000,213,1,0,[],1 人、打棒球、體育場和文字的圖像.
375,7015,2024-09-15T11:20:05.000Z,79000,430,0,1,[],
376,93000,2024-11-02T16:25:59.000Z,129000,107,0,1,"['#innisfree', '#pores', '#claymask', '#koreanskincare', '#poremask', '#porecare', '#oilcontrol', '#skincareroutine', '#sephorasale']",
377,344000,2024-11-13T10:57:44.000Z,122000,397,0,1,[],
378,20000,2024-10-12T13:05:12.000Z,48000,74,0,1,"['#reelindia', '#sololife', '#sadlife', '#brokenlife', '#brokenheartquotes', '#myhappymoments', '#sadstatus', '#sadlove', '#fakesmile', '#fakelove', '#fakechat', '#newpost', '#reelsinstagram', '#viralreels', '#viralinstagram', '#newreels', '#newarrivals', '#viralvideos', '#me']",
379,2127,2024-10-04T03:54:08.000Z,23000,396,0,1,"['#popmart', '#popmartglobal', '#labubumacaron', '#labubuhaveaseat', '#labubu', '#popmartlabubu', '#labubupopmart', '#labubu視角', '#popmartcollection', '#popmartphotographer', '#blindbox', '#blindboxtoys', '#arttoy', '#toyphotography', '#toycollector', '#toyphoto']",
380,12000,2024-09-26T10:56:56.000Z,105000,376,0,1,"['#fyp', '#fypシ', '#quotes', '#sadquotespage', '#dailyquotes', '#quoteoftheday', '#trending', '#goviral', '#instagram', '#instagood', '#instalike', '#reels', '#reelsfeed', '#support', '#fypppppppppppppppppppppppppppppppppppppppppppppppppppppppppppppppppppppp']",
381,135000,2024-11-13T08:16:57.000Z,2573,8,1,0,"['#迪士尼', '#迷因', '#幹話語錄', '#笑話', '#惡搞語錄', '#搞笑語錄', '#memes', '#disneymemes', '#迪士尼梗圖']",懶猴和文字的圖像.
382,11000,2024-11-14T11:01:49.000Z,205000,997,0,1,[],
383,342000,2024-10-27T06:51:14.000Z,54000,232,0,1,[],
384,52000,2024-09-29T08:15:46.000Z,6404,35,0,1,[],
385,28000,2024-10-22T12:29:54.000Z,6762,141,0,1,"['#radhekrishna', '#radhe', '#krishna', '#love', '#prem', '#lovesongs', '#diwali', '#dipawalispecial']",
386,75000,2024-10-18T04:16:58.000Z,95000,388,0,1,"['#btsarmy', '#kimtaehyung', '#rm', '#jin', '#jimin', '#hobi', '#jhope', '#suga', '#taehyung', '#jungkook', '#army', '#v', '#jeonjungkook', '#seokjin', '#namjoon', '#picture']",
387,586000,2024-11-06T06:03:44.000Z,16000,287,0,1,"['#viralreels', '#instagood']",
388,214000,2024-10-23T08:06:31.000Z,101000,200,1,0,"['#fyp', '#maternity', '#photoshoot', '#soccer']",2 個人和文字的圖像.
389,240000,2024-11-02T11:30:24.000Z,6454,52,1,0,"['#눈바디', '#바디체크', '#인바디', '#인바디측정', '#인바디다이얼', '#bodycheck', '#인바디결과', '#beforeandafter']",1 人、運動服裝、胸罩和文字的圖像.
390,278000,2024-10-26T04:00:00.000Z,62000,508,0,1,"['#夫妻', '#先生', '#女生', '#爭吵', '#情緒', '#穩定']",
391,8147000,2024-10-19T21:44:35.000Z,675000,987,0,1,"['#DanceKarnatakaDance2024', '#DKD2024', '#SongRecreationround', '#ZeeOnTheGoReels', '#ZeeKannada', '#BayasidaBaagiluTegeyona']",
392,12000,2024-09-15T01:30:50.000Z,75000,417,0,1,"['#tipsanaksehat', '#tipsparentinganak', '#mainananak', '#videoanaklucu']",
393,246000,2024-11-13T15:28:19.000Z,43000,213,1,0,[],1 人、打棒球、體育場和文字的圖像.
394,7016,2024-09-15T11:20:05.000Z,79000,430,0,1,[],
395,93000,2024-11-02T16:25:59.000Z,129000,107,0,1,"['#innisfree', '#pores', '#claymask', '#koreanskincare', '#poremask', '#porecare', '#oilcontrol', '#skincareroutine', '#sephorasale']",
396,344000,2024-11-13T10:57:44.000Z,122000,397,0,1,[],
397,20000,2024-10-12T13:05:12.000Z,48000,74,0,1,"['#reelindia', '#sololife', '#sadlife', '#brokenlife', '#brokenheartquotes', '#myhappymoments', '#sadstatus', '#sadlove', '#fakesmile', '#fakelove', '#fakechat', '#newpost', '#reelsinstagram', '#viralreels', '#viralinstagram', '#newreels', '#newarrivals', '#viralvideos', '#me']",
398,2127,2024-10-04T03:54:08.000Z,23000,396,0,1,"['#popmart', '#popmartglobal', '#labubumacaron', '#labubuhaveaseat', '#labubu', '#popmartlabubu', '#labubupopmart', '#labubu視角', '#popmartcollection', '#popmartphotographer', '#blindbox', '#blindboxtoys', '#arttoy', '#toyphotography', '#toycollector', '#toyphoto']",
399,12000,2024-09-26T10:56:56.000Z,105000,376,0,1,"['#fyp', '#fypシ', '#quotes', '#sadquotespage', '#dailyquotes', '#quoteoftheday', '#trending', '#goviral', '#instagram', '#instagood', '#instalike', '#reels', '#reelsfeed', '#support', '#fypppppppppppppppppppppppppppppppppppppppppppppppppppppppppppppppppppppp']",
400,135000,2024-11-13T08:16:57.000Z,2573,8,1,0,"['#迪士尼', '#迷因', '#幹話語錄', '#笑話', '#惡搞語錄', '#搞笑語錄', '#memes', '#disneymemes', '#迪士尼梗圖']",懶猴和文字的圖像.
401,11000,2024-11-14T11:01:49.000Z,205000,997,0,1,[],
402,342000,2024-10-27T06:51:14.000Z,54000,232,0,1,[],
403,52000,2024-09-29T08:15:46.000Z,6404,35,0,1,[],
404,28000,2024-10-22T12:29:54.000Z,6762,141,0,1,"['#radhekrishna', '#radhe', '#krishna', '#love', '#prem', '#lovesongs', '#diwali', '#dipawalispecial']",
405,75000,2024-10-18T04:16:58.000Z,95000,388,0,1,"['#btsarmy', '#kimtaehyung', '#rm', '#jin', '#jimin', '#hobi', '#jhope', '#suga', '#taehyung', '#jungkook', '#army', '#v', '#jeonjungkook', '#seokjin', '#namjoon', '#picture']",
406,586000,2024-11-06T06:03:44.000Z,16000,287,0,1,"['#viralreels', '#instagood']",
407,214000,2024-10-23T08:06:31.000Z,101000,200,1,0,"['#fyp', '#maternity', '#photoshoot', '#soccer']",2 個人和文字的圖像.
408,240000,2024-11-02T11:30:24.000Z,6454,52,1,0,"['#눈바디', '#바디체크', '#인바디', '#인바디측정', '#인바디다이얼', '#bodycheck', '#인바디결과', '#beforeandafter']",1 人、運動服裝、胸罩和文字的圖像.
409,278000,2024-10-26T04:00:00.000Z,62000,508,0,1,"['#夫妻', '#先生', '#女生', '#爭吵', '#情緒', '#穩定']",
410,8147000,2024-10-19T21:44:35.000Z,675000,987,0,1,"['#DanceKarnatakaDance2024', '#DKD2024', '#SongRecreationround', '#ZeeOnTheGoReels', '#ZeeKannada', '#BayasidaBaagiluTegeyona']",
411,12000,2024-09-15T01:30:50.000Z,75000,417,0,1,"['#tipsanaksehat', '#tipsparentinganak', '#mainananak', '#videoanaklucu']",
412,246000,2024-11-13T15:28:19.000Z,43000,213,1,0,[],1 人、打棒球、體育場和文字的圖像.
413,7016,2024-09-15T11:20:05.000Z,79000,430,0,1,[],
414,93000,2024-11-02T16:25:59.000Z,129000,107,0,1,"['#innisfree', '#pores', '#claymask', '#koreanskincare', '#poremask', '#porecare', '#oilcontrol', '#skincareroutine', '#sephorasale']",
415,344000,2024-11-13T10:57:44.000Z,122000,397,0,1,[],
416,20000,2024-10-12T13:05:12.000Z,48000,74,0,1,"['#reelindia', '#sololife', '#sadlife', '#brokenlife', '#brokenheartquotes', '#myhappymoments', '#sadstatus', '#sadlove', '#fakesmile', '#fakelove', '#fakechat', '#newpost', '#reelsinstagram', '#viralreels', '#viralinstagram', '#newreels', '#newarrivals', '#viralvideos', '#me']",
417,2127,2024-10-04T03:54:08.000Z,23000,396,0,1,"['#popmart', '#popmartglobal', '#labubumacaron', '#labubuhaveaseat', '#labubu', '#popmartlabubu', '#labubupopmart', '#labubu視角', '#popmartcollection', '#popmartphotographer', '#blindbox', '#blindboxtoys', '#arttoy', '#toyphotography', '#toycollector', '#toyphoto']",
418,12000,2024-09-26T10:56:56.000Z,105000,376,0,1,"['#fyp', '#fypシ', '#quotes', '#sadquotespage', '#dailyquotes', '#quoteoftheday', '#trending', '#goviral', '#instagram', '#instagood', '#instalike', '#reels', '#reelsfeed', '#support', '#fypppppppppppppppppppppppppppppppppppppppppppppppppppppppppppppppppppppp']",
419,135000,2024-11-13T08:16:57.000Z,2573,8,1,0,"['#迪士尼', '#迷因', '#幹話語錄', '#笑話', '#惡搞語錄', '#搞笑語錄', '#memes', '#disneymemes', '#迪士尼梗圖']",懶猴和文字的圖像.
420,11000,2024-11-14T11:01:49.000Z,205000,997,0,1,[],
421,342000,2024-10-27T06:51:14.000Z,54000,232,0,1,[],
422,52000,2024-09-29T08:15:46.000Z,6404,35,0,1,[],
423,28000,2024-10-22T12:29:54.000Z,6762,141,0,1,"['#radhekrishna', '#radhe', '#krishna', '#love', '#prem', '#lovesongs', '#diwali', '#dipawalispecial']",
424,75000,2024-10-18T04:16:58.000Z,95000,388,0,1,"['#btsarmy', '#kimtaehyung', '#rm', '#jin', '#jimin', '#hobi', '#jhope', '#suga', '#taehyung', '#jungkook', '#army', '#v', '#jeonjungkook', '#seokjin', '#namjoon', '#picture']",
425,586000,2024-11-06T06:03:44.000Z,16000,287,0,1,"['#viralreels', '#instagood']",
426,214000,2024-10-23T08:06:31.000Z,101000,200,1,0,"['#fyp', '#maternity', '#photoshoot', '#soccer']",2 個人和文字的圖像.
427,240000,2024-11-02T11:30:24.000Z,6454,52,1,0,"['#눈바디', '#바디체크', '#인바디', '#인바디측정', '#인바디다이얼', '#bodycheck', '#인바디결과', '#beforeandafter']",1 人、運動服裝、胸罩和文字的圖像.
428,278000,2024-10-26T04:00:00.000Z,62000,508,0,1,"['#夫妻', '#先生', '#女生', '#爭吵', '#情緒', '#穩定']",
429,8147000,2024-10-19T21:44:35.000Z,675000,987,0,1,"['#DanceKarnatakaDance2024', '#DKD2024', '#SongRecreationround', '#ZeeOnTheGoReels', '#ZeeKannada', '#BayasidaBaagiluTegeyona']",
430,12000,2024-09-15T01:30:50.000Z,75000,417,0,1,"['#tipsanaksehat', '#tipsparentinganak', '#mainananak', '#videoanaklucu']",
431,246000,2024-11-13T15:28:19.000Z,43000,213,1,0,[],1 人、打棒球、體育場和文字的圖像.
432,7017,2024-09-15T11:20:05.000Z,79000,430,0,1,[],
433,93000,2024-11-02T16:25:59.000Z,129000,107,0,1,"['#innisfree', '#pores', '#claymask', '#koreanskincare', '#poremask', '#porecare', '#oilcontrol', '#skincareroutine', '#sephorasale']",
434,344000,2024-11-13T10:57:44.000Z,122000,397,0,1,[],
435,20000,2024-10-12T13:05:12.000Z,48000,74,0,1,"['#reelindia', '#sololife', '#sadlife', '#brokenlife', '#brokenheartquotes', '#myhappymoments', '#sadstatus', '#sadlove', '#fakesmile', '#fakelove', '#fakechat', '#newpost', '#reelsinstagram', '#viralreels', '#viralinstagram', '#newreels', '#newarrivals', '#viralvideos', '#me']",
436,2127,2024-10-04T03:54:08.000Z,23000,396,0,1,"['#popmart', '#popmartglobal', '#labubumacaron', '#labubuhaveaseat', '#labubu', '#popmartlabubu', '#labubupopmart', '#labubu視角', '#popmartcollection', '#popmartphotographer', '#blindbox', '#blindboxtoys', '#arttoy', '#toyphotography', '#toycollector', '#toyphoto']",
437,12000,2024-09-26T10:56:56.000Z,105000,376,0,1,"['#fyp', '#fypシ', '#quotes', '#sadquotespage', '#dailyquotes', '#quoteoftheday', '#trending', '#goviral', '#instagram', '#instagood', '#instalike', '#reels', '#reelsfeed', '#support', '#fypppppppppppppppppppppppppppppppppppppppppppppppppppppppppppppppppppppp']",
438,135000,2024-11-13T08:16:57.000Z,2573,8,1,0,"['#迪士尼', '#迷因', '#幹話語錄', '#笑話', '#惡搞語錄', '#搞笑語錄', '#memes', '#disneymemes', '#迪士尼梗圖']",懶猴和文字的圖像.
439,11000,2024-11-14T11:01:49.000Z,205000,997,0,1,[],
440,342000,2024-10-27T06:51:14.000Z,54000,232,0,1,[],
441,52000,2024-09-29T08:15:46.000Z,6404,35,0,1,[],
442,28000,2024-10-22T12:29:54.000Z,6762,141,0,1,"['#radhekrishna', '#radhe', '#krishna', '#love', '#prem', '#lovesongs', '#diwali', '#dipawalispecial']",
443,75000,2024-10-18T04:16:58.000Z,95000,388,0,1,"['#btsarmy', '#kimtaehyung', '#rm', '#jin', '#jimin', '#hobi', '#jhope', '#suga', '#taehyung', '#jungkook', '#army', '#v', '#jeonjungkook', '#seokjin', '#namjoon', '#picture']",
444,586000,2024-11-06T06:03:44.000Z,16000,287,0,1,"['#viralreels', '#instagood']",
445,214000,2024-10-23T08:06:31.000Z,101000,200,1,0,"['#fyp', '#maternity', '#photoshoot', '#soccer']",2 個人和文字的圖像.
446,240000,2024-11-02T11:30:24.000Z,6454,52,1,0,"['#눈바디', '#바디체크', '#인바디', '#인바디측정', '#인바디다이얼', '#bodycheck', '#인바디결과', '#beforeandafter']",1 人、運動服裝、胸罩和文字的圖像.
447,278000,2024-10-26T04:00:00.000Z,62000,508,0,1,"['#夫妻', '#先生', '#女生', '#爭吵', '#情緒', '#穩定']",
448,8147000,2024-10-19T21:44:35.000Z,675000,987,0,1,"['#DanceKarnatakaDance2024', '#DKD2024', '#SongRecreationround', '#ZeeOnTheGoReels', '#ZeeKannada', '#BayasidaBaagiluTegeyona']",
449,12000,2024-09-15T01:30:50.000Z,75000,417,0,1,"['#tipsanaksehat', '#tipsparentinganak', '#mainananak', '#videoanaklucu']",
450,246000,2024-11-13T15:28:19.000Z,43000,213,1,0,[],1 人、打棒球、體育場和文字的圖像.
451,7018,2024-09-15T11:20:05.000Z,79000,430,0,1,[],
452,93000,2024-11-02T16:25:59.000Z,129000,107,0,1,"['#innisfree', '#pores', '#claymask', '#koreanskincare', '#poremask', '#porecare', '#oilcontrol', '#skincareroutine', '#sephorasale']",
453,344000,2024-11-13T10:57:44.000Z,122000,397,0,1,[],
454,20000,2024-10-12T13:05:12.000Z,48000,74,0,1,"['#reelindia', '#sololife', '#sadlife', '#brokenlife', '#brokenheartquotes', '#myhappymoments', '#sadstatus', '#sadlove', '#fakesmile', '#fakelove', '#fakechat', '#newpost', '#reelsinstagram', '#viralreels', '#viralinstagram', '#newreels', '#newarrivals', '#viralvideos', '#me']",
0,182000,2024-11-11T15:07:03.000Z,2163000,406,0,1,[],
1,179000,2024-11-13T00:00:00.000Z,7912,58,1,0,"['#就一起', '#棒球世界12強', '#就一起', '#大巨蛋', '#中華隊', '#應援團長rina', '#應援團長', '#2024']",1 人、毛髮、舞台服裝、上衣、迷你裙、短褲和文字的圖像.
2,531000,2024-10-30T11:47:40.000Z,47000,185,0,1,"['#烏龜', '#烏龜仙草凍', '#自製甜點', '#自製點心', '#仙草凍']",
3,2127,2024-10-04T03:54:08.000Z,23000,234,0,1,"['#popmart', '#popmartglobal', '#labubumacaron', '#labubuhaveaseat', '#labubu', '#popmartlabubu', '#labubupopmart', '#labubu視角', '#popmartcollection', '#popmartphotographer', '#blindbox', '#blindboxtoys', '#arttoy', '#toyphotography', '#toycollector', '#toyphoto']",
4,12000,2024-10-11T02:30:00.000Z,8718,12,0,1,"['#修眉', '#修眉毛', '#修眉達人', '#修眉教學', '#修眉的重要性', '#修眉技巧', '#眉毛整理']",
5,339000,2024-11-03T13:01:24.000Z,13000,120,0,1,[],
6,202000,2024-11-14T15:16:15.000Z,413,25,1,0,[],1 人、毛髮和文字的圖像.
7,4880,2024-11-04T10:14:46.000Z,6400,16,1,0,"['#コリアンブラック', '#ブルーブラック', '#髪質改善', '#髪質改善トリートメント', '#ブリーチなし', '#ブリーチなしカラー', '#就活カラー', '#実習カラー', '#暗めカラー', '#暖色カラー', '#寒色カラー', '#ネイビーブルー', '#ピンクカラー', '#ネイビーカラー', '#韓国ヘア', '#ダブルカラー', '#ミルクティーベージュ', '#ミルクティーグレージュ', '#グレージュ', '#韓国カラー', '#黒髪', '#黒髪女子', '#透明感カラー', '#ラベンダーグレージュ', '#アッシュグレー', '#ワンホンヘア', '#トレンドカラー', '#ラベンダーカラー', '#ノーブリーチ', '#初カラー']",1 人、毛髮和文字的圖像.
8,63000,2024-09-16T08:01:01.000Z,10000,55,0,1,[],
9,52000,2024-09-29T08:15:46.000Z,6415,35,0,1,[],
10,169000,2024-10-06T17:11:35.000Z,210000,0,0,1,"['#govinda', '#rashmikamandanna']",
11,14000,2024-10-24T07:06:12.000Z,2,86,0,1,"['#狗', '#小狗', '#犬', '#狗狗', '#狗狗日常', '#汪星人', '#汪星人日常', '#汪', '#迷因', '#梗圖', '#迷因梗', '#迷因梗圖', '#memes']",
12,75000,2024-10-18T04:16:58.000Z,95000,207,0,1,"['#btsarmy', '#kimtaehyung', '#rm', '#jin', '#jimin', '#hobi', '#jhope', '#suga', '#taehyung', '#jungkook', '#army', '#v', '#jeonjungkook', '#seokjin', '#namjoon', '#picture']",
13,55000,2024-09-30T05:03:29.000Z,69000,281,0,1,[],
14,55000,2024-11-12T12:04:17.000Z,14000,294,0,1,"['#香水', '#香水推薦', '#男生香水', '#男生香水推薦']",
15,1966000,2024-11-09T15:44:10.000Z,93000,630,0,1,[],
16,214000,2024-10-23T08:06:31.000Z,101000,258,1,0,"['#fyp', '#maternity', '#photoshoot', '#soccer']",2 個人和文字的圖像.
17,240000,2024-11-02T11:30:24.000Z,6558,53,1,0,"['#눈바디', '#바디체크', '#인바디', '#인바디측정', '#인바디다이얼', '#bodycheck', '#인바디결과', '#beforeandafter']",1 人、運動服裝、胸罩和文字的圖像.
18,278000,2024-10-26T04:00:00.000Z,62000,401,0,1,"['#夫妻', '#先生', '#女生', '#爭吵', '#情緒', '#穩定']",
19,246000,2024-11-13T15:28:19.000Z,44000,213,1,0,[],1 人、打棒球、體育場和文字的圖像.
20,102000,2024-11-13T22:59:53.000Z,807000,382,0,1,"['#pushkarfair2024', '#viralvideo', '#pushkarmela2024', '#bhainsa', '#bulls', '#viral']",
21,135000,2024-11-12T11:19:47.000Z,3925,31,0,1,"['#小三美日', '#舒妃', '#舒妃優油美露激霜', '#髮質修護救星', '#自然匯薑萃頭皮淨化去角質', '#自然匯薑萃養髮液']",
22,11000,2024-11-06T05:53:00.000Z,13000,22,0,1,"['#tutorialmakeup', '#tutorialdouyinmakeup', '#tutorialmakeupnatural', '#makeupartist', '#makeuphacks', '#makeuptransformation', '#douyinmakeup', '#douyinmakeuplook', '#douyinmakeuptutorial']",
23,641000,2024-10-19T03:12:21.000Z,47000,178,0,1,"['#happydiwali', '#diwali', '#drawing', '#art', '#easydrawing', '#girldrawing', '#viral', '#trending', '#sketch', '#explore', '#instalike', '#fbreelsfypシ']",
24,283000,2024-11-04T13:49:17.000Z,57000,135,0,1,"['#lipbalm', '#lipgloss', '#skincare', '#skincareblogger', '#skincareluxury', '#lipmask', '#lipoil', '#makeup', '#lipdrip']",
25,8147000,2024-10-19T21:44:35.000Z,676000,189,0,1,"['#DanceKarnatakaDance2024', '#DKD2024', '#SongRecreationround', '#ZeeOnTheGoReels', '#ZeeKannada', '#BayasidaBaagiluTegeyona']",
26,74000,2024-11-09T12:33:36.000Z,5663,23,1,0,['#dafshoes'],1 人、長大衣、牛角扣大衣、雨衣、連帽風衣、靴子、夾克和戶外的圖像.
27,16000,2024-11-03T14:40:15.000Z,18000,218,0,1,"['#jesus', '#jesuschrist', '#jesús', '#jesuslovesyou', '#jesussaves', '#god', '#godisgood', '#godfirst', '#godbless', '#godbless', '#reelsinstagram', '#instagram']",
28,721000,2024-11-13T09:36:28.000Z,10000,42,0,1,"['#兄妹日常', '#阿滴整理', '#滴妹弄亂', '#廚房改造']",
29,52000,2024-11-13T14:54:29.000Z,2,43,0,1,[],
30,504000,2024-11-06T17:25:44.000Z,5983000,348,0,1,"['#cliffjumping', '#cliff', '#jump', '#quarry', '#sendit', '#adrenaline', '#thinkbold', '#underground', '#cliffdiving']",
31,28000,2024-10-22T12:29:54.000Z,18,141,0,1,"['#radhekrishna', '#radhe', '#krishna', '#love', '#prem', '#lovesongs', '#diwali', '#dipawalispecial']",
32,28000,2024-11-09T04:00:16.000Z,754,0,1,0,[],玩具、懶人椅和文字的圖像.
33,51000,2024-11-10T14:20:30.000Z,4095,55,0,1,[],
34,25000,2024-11-11T10:59:01.000Z,2,27,0,1,"['#oodbycheckin', '#Taipei', '#FirstNoteOfLove1stFMinTPE', '#FNOLPerfectFinale', '#彈一場完美戀愛', '#FirstNoteofLove', '#โน', '#你的情歌由我來唱', '#涂善存', '#張豐豪', '#劉泯廷', '#JAMEKASAMA', '#金泰佑', '#李佳歡', '#李英宏', '#Amanda', '#劉紀範', '#練建宏', '#華納音樂', '#BL', '#boyslove', '#GagaOOLala', '#GagaOOLalaOriginal', '#PorticoMedia', '#杰德影音']",
